psraid,sample,state,cregion,usr,eminuse,intmob,pialql1,smart1,SmartPhone,pial1,pial2,pial3,pial4,pial5,pial6,pial7,pial8,employ,par,sex,age,educ2,hisp,race,inc,weight,standwt
100009,1,37,3,U,1,1,1,8,2,2,2,2,2,2, ,2, ,1,2,2,60,7,2,1,6,1.78260869565217,.426669641560037
100019,1,37,3,U,1,1,1,1,1,2,2,2,2,2, ,2, ,1,2,2,60,6,2,1,8,1.43478260869565,.343417028572713
100022,1,51,3,U,1,1,1,2,2,2,2,1,2,2, ,2, ,3,2,1,79,5,2,1,5,1.73913043478261,.416263064936622
100025,1,42,1,S,1,1,1,1,1,2,2,2,2,2, ,2, ,3,2,1,50,6,2,1,9,2.56521739130435,.613988020781517
100026,1,18,2,U,2,2,1,2,2, , , , ,2, ,2, ,3,2,1,62,3,2,1,1,4.43478260869565,1.06147081558839
100027,1,25,1,S,1,2,1,1,1,2,2,2,2,2, ,2, ,3,1,2,46,8,2,1,8,5.08695652173913,1.21756946493962
100032,1,12,3,U,1,1,1,1,1,1,1,2,1,2, ,1,6,3,2,2,19,4,2,1,99,7.04347826086957,1.68586541299332
100035,1,36,1,U,1,2,1,2,2,2,2,2,2,2, ,2, ,3,2,2,48,6,2,1,6,2.43478260869565,.582768290911271
100038,1,18,2,R,2,2,1,2,2, , , , ,2, ,2, ,3,2,2,62,3,2,1,4,2.82608695652174,.676427480522011
100044,1,47,3,U,1,1,1,1,1,1,1,2,1,2, ,2, ,2,1,2,44,8,2,1,6,3.82608695652174,.915778742860568
100049,1,37,3,S,1,1,1,2,2,1,1,1,1,2, ,2, ,3,1,2,52,5,2,1,6,5.26086956521739,1.25919577143328
100050,1,25,1,S,1,1,1,2,2,2,2,2,2,2, ,2, ,2,2,1,82,4,2,1,2,1.78260869565217,.426669641560037
100060,1,1,3,U,1,2,1,2,2,1,2,2,2,2, ,2, ,3,2,2,72,6,2,1,6,1.26086956521739,.301790722079051
100070,1,17,2,S,1,2,1,2,2,2,2,2,2,2, ,2, ,1,2,1,62,3,2,1,8,4.82608695652174,1.15513000519913
100081,1,17,2,S,1,1,1,1,1,2,2,2,2,2, ,2, ,3,2,1,73,6,2,1,9,1.26086956521739,.301790722079051
100083,1,29,2,S,2,2,2, ,3, , , , , , , , ,3,2,2,66,2,2,2,1,5.21739130434783,1.24878919480987
100093,1,5,3,R,2,2,2, ,3, , , , , , , , ,1,2,2,61,4,2,1,6,7.78260869565217,1.86277721559138
100095,1,18,2,R,1,1,1,1,1,2,2,2,2,2, ,2, ,2,2,1,52,5,2,1,4,2.26086956521739,.541141984417608
100105,1,18,2,R,1,1,1,1,1,1,1,1,1,2, ,2, ,3,2,2,26,4,2,1,99,4.91304347826087,1.17594315844596
100109,1,18,2,S,2,2,1,1,1, , , , ,2, ,2, ,1,2,1,60,6,2,1,7,1.47826086956522,.353823605196129
100111,1,12,3,R,1,1,1,1,1,1,1,2,2,2, ,2, ,3,2,1,22,3,2,9,2,4.30434782608696,1.03025108571814
100118,1,29,2,S,1,1,1,1,1,2,2,2,2,2, ,2, ,1,1,1,27,3,2,2,3,5.08695652173913,1.21756946493962
100136,1,33,1,R,1,1,2, ,3,1,1,2,1, , , , ,1,1,1,47,8,2,3,7,4.69565217391304,1.12391027532888
100139,1,29,2,S,2,2,2, ,3, , , , , , , , ,3,2,1,77,6,2,1,99,2.39130434782609,.572361714287855
100143,1,12,3,S,1,1,1,2,2,2,2,2,2,2, ,2, ,2,2,1,65,5,2,1,4,2.04347826086957,.489109101300531
100145,1,37,3,R,1,2,1,2,2,2,2,2,2,2, ,2, ,3,2,2,71,5,2,1,6,1.21739130434783,.291384145455635
100148,1,12,3,U,1,1,1,1,1,1,1,1,1,2, ,2, ,3,2,2,64,6,2,1,99,1.30434782608696,.312197298702466
100152,1,9,1,S,2,2,1,2,2, , , , ,2, ,2, ,3,2,1,90,8,2,1,6,1.08695652173913,.260164415585389
100156,1,55,2,S,2,2,1,2,2, , , , ,2, ,2, ,3,2,2,66,5,2,1,99,2.08695652173913,.499515677923946
100157,1,51,3,S,1,2,1,1,1,2,2,2,2,2, ,2, ,1,2,1,54,4,2,1,4,3.8695652173913,.926185319483984
100159,1,27,2,R,2,2,1,2,2, , , , ,2, ,2, ,3,2,2,63,2,2,1,1,2.82608695652174,.676427480522011
100163,1,29,2,U,1,1,1,1,1,1,1,2,2,2, ,2, ,3,2,2,63,3,2,1,4,4.30434782608696,1.03025108571814
100165,1,13,3,S,1,2,2, ,3,1,1,2,2, , , , ,1,1,1,99,3,2,9,9,6.56521739130435,1.57139307013575
100166,1,42,1,S,1,2,1,2,2,2,2,2,2,2, ,2, ,3,2,1,83,5,2,1,5,2.82608695652174,.676427480522011
100168,1,27,2,S,1,1,1,1,1,2,2,2,2,2, ,2, ,3,2,2,63,3,2,1,2,3.43478260869565,.822119553249828
100177,1,48,3,U,1,2,1,1,1,2,2,2,2,2, ,2, ,3,2,1,65,8,2,2,99,1,.239351262338558
100189,1,29,2,S,1,1,1,1,1,2,2,2,2,2, ,2, ,1,2,2,99,5,2,1,9,2.26086956521739,.541141984417608
100192,1,22,3,R,1,1,1,1,1,2,1,2,1,2, ,2, ,3,2,2,45,3,2,1,9,5.56521739130435,1.33204180779719
100193,1,51,3,R,2,2,2, ,3, , , , , , , , ,3,2,1,62,8,2,1,2,4.04347826086957,.967811625977646
100195,1,42,1,U,2,2,2, ,3, , , , , , , , ,3,2,2,85,3,2,1,3,5.1304347826087,1.22797604156303
100197,1,17,2,S,1,2,1,2,2,2,2,2,2,2, ,2, ,1,2,2,99,8,2,1,99,1.39130434782609,.333010451949298
100199,1,24,3,S,1,2,2, ,3,2,2,2,2, , , , ,1,2,1,56,8,2,1,99,4.30434782608696,1.03025108571814
100200,1,25,1,S,1,1,1,1,1,2,2,2,2,2, ,2, ,3,1,1,57,8,2,2,6,1.73913043478261,.416263064936622
100206,1,8,4,S,1,1,1,1,1,1,2,2,1,1,6,2, ,3,2,2,21,4,2,1,7,7.39130434782609,1.76911802598064
100207,1,49,4,S,1,2,1,2,2,1,1,2,1,2, ,2, ,3,2,2,70,5,2,1,5,1.65217391304348,.395449911689791
100214,1,47,3,U,1,1,1,8,2,1,1,1,1,2, ,2, ,1,1,2,49,7,2,2,6,2.43478260869565,.582768290911271
100216,1,8,4,S,1,1,1,2,2,1,2,2,2,2, ,2, ,3,2,2,66,8,2,1,7,1.30434782608696,.312197298702466
100220,1,13,3,U,1,1,1,1,1,2,2,2,2,2, ,2, ,1,2,1,62,8,2,1,9,1.60869565217391,.385043335066375
100222,1,8,4,S,1,1,1,1,1,2,2,2,2,2, ,2, ,1,2,1,61,8,2,1,9,2.34782608695652,.56195513766444
100225,1,13,3,S,1,1,1,1,1,2,2,2,2,1,2,2, ,1,2,1,55,8,1,1,99,2.91304347826087,.697240633768842
100230,1,8,4,R,1,2,1,2,2,2,2,1,2,2, ,2, ,2,2,1,49,6,2,1,99,2.30434782608696,.551548561041024
100247,1,28,3,R,1,1,1,1,1,1,2,2,1,2, ,2, ,3,1,2,35,2,2,1,4,7.26086956521739,1.7378982961104
100249,1,28,3,R,1,1,1,1,1,2,2,2,2,2, ,2, ,1,1,1,54,5,2,1,8,3.91304347826087,.936591896107399
100252,1,12,3,S,2,2,1,2,2, , , , ,2, ,2, ,3,2,2,58,4,1,1,9,3.78260869565217,.905372166237153
100263,1,46,2,R,1,2,1,2,2,1,2,2,2,2, ,2, ,3,2,2,83,5,2,1,99,1.39130434782609,.333010451949298
100267,1,8,4,S,1,2,1,2,2,2,2,2,2,2, ,2, ,3,2,2,72,8,2,1,3,1,.239351262338558
100269,1,25,1,S,2,2,2, ,3, , , , , , , , ,1,2,2,48,6,2,2,3,3.8695652173913,.926185319483984
100270,1,8,4,S,1,1,1,1,1,1,1,1,1,2, ,1,3,1,2,1,58,4,2,1,5,3.8695652173913,.926185319483984
100271,1,48,3,R,1,1,1,1,1,2,2,2,2,2, ,2, ,1,2,1,58,8,2,1,99,1,.239351262338558
100274,1,29,2,S,1,2,1,2,2,2,2,2,2,2, ,2, ,3,2,1,99,8,2,4,6,1,.239351262338558
100275,1,34,1,S,1,1,1,1,1,1,1,2,1,2, ,1,4,2,1,1,36,5,1,1,5,4.73913043478261,1.13431685195229
100278,1,25,1,U,1,2,2, ,3,2,2,2,2, , , , ,3,2,2,74,4,2,1,5,3.04347826086957,.728460363639088
100283,1,31,2,S,2,2,1,2,2, , , , ,2, ,2, ,3,2,1,71,4,2,4,6,1.34782608695652,.322603875325882
100285,1,36,1,R,2,2,1,2,2, , , , ,2, ,2, ,3,2,2,67,8,2,1,7,1,.239351262338558
100286,1,55,2,R,1,1,2, ,3,1,1,2,1, , , , ,3,1,1,39,2,2,1,3,7.47826086956522,1.78993117922747
100288,1,45,3,S,1,1,1,1,1,1,1,1,1,2, ,2, ,1,1,1,35,6,2,1,99,2.8695652173913,.686834057145426
100295,1,18,2,R,1,1,1,2,2,2,2,2,2,2, ,2, ,1,2,2,75,3,2,1,6,3.08695652173913,.738866940262504
100298,1,27,2,U,1,1,1,2,2,1,2,2,1,2, ,2, ,1,1,1,61,4,2,1,4,2,.478702524677115
100302,1,51,3,S,1,2,1,2,2,2,2,2,2,2, ,2, ,3,2,1,82,8,2,1,7,1.60869565217391,.385043335066375
100307,1,4,4,S,1,1,1,1,1,2,2,2,2,2, ,2, ,1,9,1,45,6,2,1,99,3.82608695652174,.915778742860568
100309,1,48,3,S,1,1,1,1,1,2,2,2,2,2, ,2, ,1,2,1,65,6,2,5,9,2.04347826086957,.489109101300531
100310,1,53,4,S,1,1,1,1,1,1,1,2,2,2, ,2, ,3,1,2,31,4,2,1,6,7.21739130434783,1.72749171948698
100311,1,4,4,S,1,1,1,1,1,1,1,2,1,2, ,2, ,3,2,2,59,8,2,1,8,1.21739130434783,.291384145455635
100317,1,48,3,S,2,2,1,2,2, , , , ,2, ,2, ,3,2,2,75,8,2,1,1,1.26086956521739,.301790722079051
100319,1,49,4,S,2,2,1,2,2, , , , ,2, ,2, ,3,2,2,68,6,2,1,2,1,.239351262338558
100324,1,6,4,U,1,1,2, ,3,1,2,2,2, , , , ,2,2,1,20,4,1,5,5,8.30434782608696,1.98765613507237
100358,1,34,1,S,1,1,1,1,1,1,2,2,2,2, ,2, ,2,2,2,55,6,2,1,99,1.08695652173913,.260164415585389
100361,1,12,3,S,1,1,1,1,1,2,1,1,2,2, ,2, ,3,2,1,65,6,2,1,99,1.65217391304348,.395449911689791
100370,1,1,3,S,1,1,1,1,1,2,2,2,2,2, ,2, ,1,1,1,43,6,2,1,9,2.8695652173913,.686834057145426
100371,1,4,4,S,1,1,1,2,2,2,2,2,2,2, ,2, ,3,2,1,71,6,1,1,5,2.04347826086957,.489109101300531
100372,1,12,3,S,1,2,1,2,2,2,2,2,2,2, ,2, ,1,2,2,57,5,2,1,99,2.04347826086957,.489109101300531
100376,1,6,4,R,1,2,1,2,2,1,1,2,1,2, ,2, ,2,2,2,60,8,2,9,1,1.52173913043478,.364230181819544
100396,1,22,3,U,1,1,1,2,2,2,2,2,2,2, ,2, ,3,2,2,62,8,2,1,5,1.43478260869565,.343417028572713
100399,1,12,3,S,1,1,1,1,1,1,1,2,2,2, ,2, ,1,2,2,52,8,2,1,7,2,.478702524677115
100403,1,47,3,S,1,1,1,1,1,1,1,2,2,2, ,2, ,3,2,1,50,2,2,1,2,6.21739130434783,1.48814045714842
100411,1,37,3,R,2,2,1,2,2, , , , ,2, ,2, ,3,2,1,67,3,2,1,3,4,.95740504935423
100416,1,17,2,S,1,2,1,2,2,2,2,2,1,2, ,2, ,1,2,1,60,8,1,4,99,1.26086956521739,.301790722079051
100425,1,6,4,U,1,1,1,1,1,1,2,2,1,2, ,2, ,1,1,1,32,4,2,3,4,9.1304347826087,2.18538109091727
100426,1,20,2,U,1,1,1,2,2,2,2,2,2,2, ,2, ,3,2,2,71,3,2,1,99,3,.718053787015673
100428,1,6,4,U,2,2,2, ,3, , , , , , , , ,3,2,2,55,3,2,2,1,6.91304347826087,1.65464568312307
100433,1,6,4,U,1,1,1,1,1,2,2,2,1,2, ,2, ,2,2,2,68,8,2,5,3,1.08695652173913,.260164415585389
100441,1,32,4,U,1,2,1,2,2,2,2,2,2,2, ,2, ,1,1,2,39,8,2,1,7,3.52173913043478,.842932706496659
100444,1,41,4,U,1,1,1,8,2,2,2,2,2,2, ,2, ,3,2,1,81,7,2,1,99,1.1304347826087,.270570992208804
100446,1,27,2,R,1,2,1,2,2,2,2,2,2,2, ,2, ,1,2,2,56,3,2,1,4,2.82608695652174,.676427480522011
100458,1,27,2,S,2,2,2, ,3, , , , , , , , ,3,2,2,99,9,9,1,99,2.69565217391304,.645207750651764
100463,1,53,4,U,1,1,1,1,1,1,2,2,2,2, ,2, ,1,2,1,61,8,2,1,9,2.43478260869565,.582768290911271
100465,1,17,2,R,1,2,1,2,2,2,1,2,1,2, ,2, ,3,2,2,72,3,2,1,2,2.47826086956522,.593174867534686
100466,1,47,3,R,1,1,1,2,2,2,8,2,1,2, ,2, ,2,2,2,58,6,2,1,8,1.34782608695652,.322603875325882
100470,1,6,4,S,1,1,1,1,1,1,2,1,2,2, ,1,2,1,1,1,34,6,2,1,9,3.65217391304348,.874152436366906
100472,1,48,3,R,1,2,2, ,3,2,2,2,2, , , , ,3,2,2,90,2,2,1,1,4.08695652173913,.978218202601061
100474,1,1,3,U,1,1,1,1,1,2,2,2,2,2, ,2, ,1,2,1,42,6,1,2,6,2.43478260869565,.582768290911271
100480,1,45,3,R,1,2,1,2,2,2,2,2,2,2, ,2, ,3,2,2,60,3,2,1,6,5.08695652173913,1.21756946493962
100482,1,26,2,S,1,2,1,2,2,2,2,2,2,2, ,2, ,3,2,2,72,5,2,1,4,2.26086956521739,.541141984417608
100483,1,42,1,S,1,2,1,2,2,1,2,2,1,2, ,2, ,3,2,1,61,8,2,1,7,1.65217391304348,.395449911689791
100494,1,12,3,S,1,1,1,1,1,1,1,1,1,2, ,1,4,3,2,1,30,5,1,1,4,8.65217391304348,2.07090874805969
100498,1,36,1,S,1,1,1,1,1,2,2,2,2,2, ,2, ,1,2,1,67,6,2,1,9,1.08695652173913,.260164415585389
100506,1,53,4,U,1,1,1,1,1,1,1,2,1,2, ,2, ,3,2,1,68,8,2,1,9,1.1304347826087,.270570992208804
100517,1,27,2,S,1,1,1,1,1,2,2,2,2,2, ,2, ,1,1,1,41,6,1,1,9,4.52173913043478,1.08228396883522
100523,1,53,4,S,2,2,1,8,2, , , , ,2, ,2, ,3,2,2,82,3,2,1,3,2.26086956521739,.541141984417608
100525,1,6,4,S,2,2,2, ,3, , , , , , , , ,3,2,2,81,3,2,1,2,6.08695652173913,1.45692072727818
100535,1,20,2,U,1,2,1,2,2,2,2,2,2,2, ,2, ,1,2,2,63,3,2,1,6,2.17391304347826,.520328831170777
100542,1,19,2,S,1,1,1,2,2,2,2,2,2,2, ,2, ,3,2,2,46,5,2,1,99,6.1304347826087,1.46732730390159
100550,1,27,2,S,1,1,1,1,1,1,1,1,1,2, ,2, ,1,1,2,37,6,2,1,9,4.60869565217391,1.10309712208205
100558,1,55,2,R,1,1,1,2,2,2,2,2,2,2, ,2, ,3,2,2,64,3,2,1,5,2.82608695652174,.676427480522011
100560,1,17,2,S,1,1,1,1,1,1,1,1,1,1,1,1,4,1,2,1,21,5,2,1,4,4.73913043478261,1.13431685195229
100561,1,48,3,S,1,1,1,2,2,1,1,2,2,2, ,2, ,3,2,2,62,3,2,2,2,5.04347826086956,1.2071628883162
100564,1,18,2,S,1,1,1,1,1,1,1,1,2,2, ,2, ,1,2,2,54,8,2,3,9,4.69565217391304,1.12391027532888
100568,1,48,3,U,1,1,1,1,1,1,1,2,1,2, ,2, ,2,1,2,45,6,2,1,7,3.82608695652174,.915778742860568
100572,1,1,3,R,2,2,1,1,1, , , , ,2, ,2, ,3,2,2,85,2,2,2,9,1.39130434782609,.333010451949298
100574,1,17,2,U,1,2,1,2,2,1,1,1,1,2, ,2, ,2,2,2,61,4,2,1,6,1.91304347826087,.457889371430284
100580,1,1,3,R,1,1,1,2,2,2,2,2,2,2, ,2, ,3,2,2,77,3,2,1,2,1.65217391304348,.395449911689791
100581,1,20,2,U,1,1,1,1,1,2,2,2,2,2, ,2, ,1,2,1,67,8,1,1,8,1.69565217391304,.405856488313206
100585,1,55,2,S,1,1,1,1,1,2,2,2,2,2, ,2, ,1,2,1,44,5,2,1,4,2.39130434782609,.572361714287855
100588,1,6,4,S,1,1,1,1,1,2,2,2,1,2, ,2, ,3,1,2,48,8,2,3,9,4.34782608695652,1.04065766234155
100589,1,6,4,U,1,2,1,2,2,2,2,2,2,2, ,2, ,3,2,2,77,6,2,1,6,1.04347826086957,.249757838961973
100595,1,48,3,R,1,1,1,1,1,1,1,1,1,1,1,1,1,3,2,2,18,2,2,1,9,6.82608695652174,1.63383252987624
100602,1,41,4,U,1,2,1,2,2,1,2,2,2,2, ,2, ,1,2,2,63,8,2,1,7,1.60869565217391,.385043335066375
100606,1,6,4,U,1,2,1,2,2,2,2,2,2,2, ,2, ,3,2,1,64,5,2,1,6,4.82608695652174,1.15513000519913
100609,1,18,2,U,2,2,1,2,2, , , , ,2, ,2, ,3,2,2,82,3,2,1,99,3,.718053787015673
100612,1,6,4,U,1,1,1,1,1,1,1,1,1,2, ,2, ,1,1,1,38,4,2,1,9,7.52173913043478,1.80033775585089
100616,1,4,4,U,1,2,1,8,2,2,2,2,2,2, ,2, ,1,2,2,69,5,1,1,6,2.73913043478261,.655614327275179
100619,1,8,4,S,1,1,1,1,1,2,2,2,2,2, ,2, ,1,2,1,66,6,2,1,8,1.52173913043478,.364230181819544
100621,1,40,3,R,1,2,1,2,2,1,1,2,2,2, ,2, ,3,2,1,57,4,2,5,1,2.78260869565217,.666020903898595
100625,1,35,4,S,2,2,1,2,2, , , , ,2, ,2, ,2,1,2,43,3,2,1,6,5.08695652173913,1.21756946493962
100627,1,1,3,S,1,1,1,1,1,1,1,2,1,2, ,2, ,3,1,2,26,5,2,1,6,5.30434782608696,1.2696023480567
100628,1,19,2,R,1,1,1,2,2,2,2,2,2,2, ,2, ,3,2,2,86,4,2,1,5,1,.239351262338558
100630,1,31,2,S,1,2,1,2,2,2,1,2,1,2, ,2, ,1,2,2,64,8,2,1,6,1,.239351262338558
100631,1,8,4,U,1,1,1,2,2,2,2,2,2,2, ,2, ,3,2,2,70,6,2,1,7,1,.239351262338558
100634,1,28,3,R,1,1,1,1,1,1,1,1,1,2, ,1,5,1,1,2,42,6,2,1,9,3.1304347826087,.749273516885919
100635,1,29,2,S,1,2,1,2,2,2,2,2,2,2, ,2, ,3,2,2,63,5,2,1,4,2.56521739130435,.613988020781517
100642,1,28,3,R,1,2,1,1,1,1,1,2,1,2, ,2, ,3,2,2,61,5,2,1,4,1.69565217391304,.405856488313206
100649,1,32,4,S,1,2,1,2,2,1,2,2,2,2, ,2, ,1,2,1,73,5,2,1,5,2.52173913043478,.603581444158102
100656,1,6,4,U,1,2,1,1,1,2,2,2,2,2, ,2, ,3,2,1,27,3,2,2,1,5.91304347826087,1.41529442078451
100657,1,6,4,U,1,2,2, ,3,2,2,2,2, , , , ,3,2,1,78,3,2,1,4,8.47826086956522,2.02928244156603
100658,1,32,4,S,1,2,2, ,3,1,1,1,1, , , , ,3,2,2,33,3,2,1,3,10.0434782608696,2.40391920000899
100660,1,6,4,U,2,2,1,2,2, , , , ,2, ,2, ,3,2,2,53,3,2,1,2,4.73913043478261,1.13431685195229
100663,1,53,4,R,2,2,1,1,1, , , , ,2, ,2, ,2,2,2,57,2,2,1,4,3.43478260869565,.822119553249828
100670,1,6,4,S,1,2,1,1,1,2,2,2,2,2, ,2, ,3,2,2,81,4,2,1,3,1.65217391304348,.395449911689791
100683,1,6,4,U,1,1,1,1,1,1,1,1,1,2, ,1,5,1,1,1,42,3,1,1,99,10.3913043478261,2.48717181299632
100695,1,6,4,U,1,2,1,1,1,1,2,1,1,2, ,2, ,3,2,1,79,8,2,1,7,1.8695652173913,.447482794806869
100701,1,6,4,U,2,2,2, ,3, , , , , , , , ,3,2,2,72,5,1,1,2,5.43478260869565,1.30082207792694
100715,1,6,4,U,1,1,1,1,1,1,2,2,2,2, ,2, ,3,2,2,61,8,1,1,9,2.60869565217391,.624394597404933
100716,1,53,4,S,1,1,9, ,3,9,9,9,9, , , , ,9,9,1,99,9,9,9,99,1.1304347826087,.270570992208804
100719,1,53,4,U,2,2,2, ,3, , , , , , , , ,3,2,2,54,3,2,1,1,10.3913043478261,2.48717181299632
100721,1,6,4,S,2,2,2, ,3, , , , , , , , ,3,2,1,55,6,2,1,6,3,.718053787015673
100724,1,6,4,U,1,1,1,1,1,1,2,2,2,2, ,2, ,1,1,1,40,8,2,3,2,4.04347826086957,.967811625977646
100733,1,53,4,R,1,1,1,1,1,1,2,1,1,2, ,2, ,1,1,1,41,8,2,1,8,2.39130434782609,.572361714287855
100736,1,6,4,S,1,1,1,1,1,2,2,2,2,2, ,2, ,3,2,2,60,6,2,1,7,1.26086956521739,.301790722079051
100741,1,36,1,S,2,2,2, ,3, , , , , , , , ,3,2,1,87,3,2,1,2,8.34782608695652,1.99806271169579
100753,1,36,1,U,1,1,1,1,1,1,2,2,2,2, ,1,2,2,2,1,71,8,2,1,8,1.65217391304348,.395449911689791
100755,1,12,3,R,1,1,1,8,2,2,2,2,2,2, ,2, ,2,2,2,59,2,2,1,99,3.82608695652174,.915778742860568
100756,1,13,3,U,1,2,1,1,1,2,1,2,2,1,4,2, ,2,2,2,67,8,2,1,8,1,.239351262338558
100758,1,39,2,S,1,1,1,2,2,2,2,2,2,2, ,2, ,3,1,1,58,1,2,1,6,5.52173913043478,1.32163523117377
100763,1,37,3,S,1,2,1,1,1,2,2,2,2,2, ,2, ,3,2,1,65,6,2,1,7,1.34782608695652,.322603875325882
100782,1,37,3,R,1,1,1,2,2,2,8,2,2,2, ,2, ,3,2,2,71,4,2,1,2,1.47826086956522,.353823605196129
100784,1,39,2,S,1,1,1,2,2,2,2,2,2,2, ,2, ,3,2,1,67,8,2,1,6,1,.239351262338558
100790,1,36,1,S,1,2,1,8,2,2,2,2,2,2, ,2, ,1,1,2,40,8,2,1,3,4.30434782608696,1.03025108571814
100791,1,42,1,R,2,1,1,8,2,2,2,2,2,2, ,2, ,3,2,2,99,3,2,1,2,2.73913043478261,.655614327275179
100793,1,42,1,S,1,2,2, ,3,2,2,2,2, , , , ,3,2,1,59,6,2,1,4,8.30434782608696,1.98765613507237
100795,1,39,2,S,1,1,1,1,1,2,2,2,1,2, ,2, ,3,2,2,67,5,2,1,8,2.26086956521739,.541141984417608
100808,1,9,1,S,1,1,1,1,1,1,2,1,2,2, ,2, ,1,1,1,40,5,2,1,7,5.1304347826087,1.22797604156303
100816,1,26,2,R,1,2,1,2,2,2,2,2,2,8, ,2, ,1,2,2,54,3,2,1,4,5.17391304347826,1.23838261818645
100818,1,33,1,S,1,2,1,2,2,2,2,2,2,2, ,2, ,1,2,1,43,3,2,1,9,6.56521739130435,1.57139307013575
100821,1,39,2,S,1,2,1,2,2,2,2,2,2,2, ,2, ,1,1,1,52,4,2,2,3,4.95652173913043,1.18634973506937
100822,1,12,3,S,1,1,1,2,2,1,1,1,1,2, ,2, ,1,2,1,42,6,2,1,2,2.8695652173913,.686834057145426
100828,1,50,1,R,1,2,2, ,3,2,2,2,2, , , , ,3,2,1,65,5,2,1,6,2.65217391304348,.634801174028348
100831,1,18,2,U,1,1,1,1,1,2,2,2,2,2, ,2, ,1,1,2,46,6,2,1,6,2.95652173913044,.707647210392257
100835,1,42,1,S,1,1,1,1,1,2,1,2,1,2, ,2, ,1,1,1,99,5,2,1,99,2.1304347826087,.509922254547362
100845,1,45,3,S,2,2,1,8,2, , , , ,2, ,2, ,3,2,1,59,3,2,4,3,2.47826086956522,.593174867534686
100847,1,13,3,S,1,1,1,1,1,2,2,2,2,2, ,2, ,3,2,2,65,8,2,2,7,1.04347826086957,.249757838961973
100857,1,51,3,S,1,1,1,2,2,2,2,2,2,2, ,2, ,2,2,2,51,3,2,1,7,8.52173913043478,2.03968901818945
100872,1,36,1,S,1,1,1,1,1,1,1,2,1,2, ,1,5,1,2,1,54,8,2,1,9,3.34782608695652,.801306400002997
100877,1,37,3,S,1,1,1,1,1,2,2,2,2,2, ,2, ,2,2,2,58,3,2,1,7,3.69565217391304,.884559012990321
100894,1,12,3,U,1,2,1,2,2,2,2,2,2,2, ,2, ,3,2,2,68,5,2,1,2,2.43478260869565,.582768290911271
100899,1,47,3,S,1,2,1,2,2,2,1,2,1,2, ,2, ,3,2,2,87,3,2,1,2,2.21739130434783,.530735407794193
100900,1,12,3,U,1,1,1,1,1,1,1,2,1,2, ,2, ,1,1,1,45,6,2,1,7,2.73913043478261,.655614327275179
100911,1,12,3,S,1,1,1,1,1,1,1,1,1,2, ,2, ,1,2,2,99,6,2,1,99,1,.239351262338558
100919,1,12,3,S,1,2,1,2,2,2,2,2,2,2, ,2, ,3,2,2,65,7,2,1,7,1.47826086956522,.353823605196129
100935,1,29,2,S,1,1,1,1,1,2,2,2,2,2, ,2, ,3,2,2,65,3,2,9,5,2.47826086956522,.593174867534686
100940,1,27,2,S,1,2,1,2,2,2,2,2,2,2, ,2, ,3,2,2,76,7,2,1,3,1,.239351262338558
100950,1,18,2,U,1,1,1,8,2,2,2,2,2,2, ,2, ,9,2,2,61,4,2,1,5,2.39130434782609,.572361714287855
100951,1,48,3,U,1,1,1,1,1,2,1,2,1,2, ,2, ,1,2,2,61,5,2,1,4,2.65217391304348,.634801174028348
100954,1,36,1,S,1,2,1,2,2,2,2,2,2,2, ,2, ,3,2,2,69,3,2,1,2,2.08695652173913,.499515677923946
100956,1,27,2,S,1,2,1,2,2,2,2,2,2,2, ,2, ,3,2,2,70,8,2,3,99,1,.239351262338558
100967,1,47,3,S,2,2,1,2,2, , , , ,2, ,2, ,3,2,1,74,2,2,1,3,3,.718053787015673
100969,1,18,2,S,2,2,1,8,2, , , , ,2, ,2, ,3,2,1,91,4,2,1,2,1.30434782608696,.312197298702466
100978,1,17,2,S,1,1,1,1,1,1,2,2,2,2, ,1,3,2,1,2,35,8,2,1,99,4.60869565217391,1.10309712208205
100982,1,12,3,S,1,1,1,8,2,1,2,2,2,2, ,2, ,3,2,2,68,8,2,1,4,1,.239351262338558
100991,1,18,2,U,1,2,1,2,2,2,2,2,2,2, ,2, ,1,2,2,61,4,2,1,6,1.30434782608696,.312197298702466
100993,1,23,1,S,2,2,1,2,2, , , , ,2, ,2, ,1,2,1,57,2,2,1,6,3.34782608695652,.801306400002997
100995,1,39,2,S,1,1,1,1,1,1,2,2,2,2, ,2, ,1,2,1,57,7,2,2,8,1.60869565217391,.385043335066375
101001,1,38,2,R,2,2,2, ,3, , , , , , , , ,3,2,2,64,4,2,1,1,2.39130434782609,.572361714287855
101006,1,12,3,S,1,1,1,2,2,2,2,2,2,2, ,2, ,3,2,1,74,3,2,1,99,3.69565217391304,.884559012990321
101008,1,18,2,U,2,2,1,8,2, , , , ,1,6,2, ,3,2,2,55,2,2,2,99,1.82608695652174,.437076218183453
101017,1,25,1,S,1,1,1,1,1,1,1,1,1,2, ,2, ,1,1,1,30,5,2,1,6,6.56521739130435,1.57139307013575
101020,1,51,3,U,1,2,1,2,2,1,1,2,1,2, ,2, ,3,1,2,58,4,2,1,5,1.69565217391304,.405856488313206
101024,1,25,1,S,1,1,1,1,1,2,1,2,1,2, ,2, ,1,2,1,62,6,2,1,99,1.65217391304348,.395449911689791
101025,1,27,2,S,1,1,1,1,1,1,1,2,1,2, ,1,5,3,2,2,64,7,2,1,8,1.34782608695652,.322603875325882
101033,1,17,2,S,2,2,1,2,2, , , , ,2, ,2, ,3,2,2,86,3,2,1,2,2.43478260869565,.582768290911271
101034,1,48,3,S,1,1,1,1,1,1,8,2,2,2, ,2, ,3,2,1,99,9,2,1,99,1.60869565217391,.385043335066375
101036,1,29,2,U,1,2,1,2,2,1,2,2,2,2, ,2, ,2,2,2,57,8,2,1,6,1.60869565217391,.385043335066375
101039,1,27,2,U,1,2,2, ,3,2,2,2,2, , , , ,3,2,2,63,8,2,1,5,2.43478260869565,.582768290911271
101040,1,13,3,S,1,1,1,1,1,1,2,1,2,1,6,2, ,1,2,1,65,6,2,1,9,1.65217391304348,.395449911689791
101051,1,22,3,S,1,1,1,1,1,2,2,2,2,2, ,2, ,3,2,1,73,8,2,1,7,1.65217391304348,.395449911689791
101052,1,37,3,R,2,2,1,2,2, , , , ,2, ,2, ,2,2,2,63,3,2,2,2,3.39130434782609,.811712976626413
101061,1,48,3,U,1,1,1,1,1,1,2,2,2,2, ,2, ,1,1,2,43,6,2,3,8,5.26086956521739,1.25919577143328
101063,1,9,1,U,1,1,1,2,2,2,2,2,2,2, ,2, ,2,2,2,69,6,2,1,3,1.60869565217391,.385043335066375
101068,1,55,2,R,2,2,1,2,2, , , , ,2, ,2, ,3,2,2,82,2,2,1,99,2.47826086956522,.593174867534686
101071,1,36,1,R,1,1,1,1,1,2,2,1,2,2, ,2, ,3,2,1,69,3,2,1,5,3.8695652173913,.926185319483984
101074,1,19,2,R,2,2,1,2,2, , , , ,2, ,2, ,3,2,2,77,4,2,1,4,1.39130434782609,.333010451949298
101079,1,42,1,S,1,1,1,1,1,2,2,2,2,2, ,2, ,3,2,2,70,6,2,1,99,2,.478702524677115
101080,1,51,3,U,1,2,2, ,3,1,1,1,1, , , , ,3,2,1,18,2,2,4,1,9.08695652173913,2.17497451429385
101081,1,40,3,S,1,1,1,1,1,1,1,2,2,2, ,1,6,1,2,2,56,6,2,1,7,1.43478260869565,.343417028572713
101082,1,55,2,S,1,1,1,1,1,1,1,1,2,2, ,2, ,1,2,1,60,6,2,1,7,1.91304347826087,.457889371430284
101087,1,29,2,U,1,1,1,2,2,1,1,2,2,2, ,2, ,3,2,2,65,4,1,1,8,2.47826086956522,.593174867534686
101090,1,42,1,S,1,2,1,2,2,1,1,2,1,2, ,2, ,3,2,2,56,4,2,1,2,2.1304347826087,.509922254547362
101091,1,20,2,R,1,2,1,2,2,1,1,2,2,2, ,2, ,1,2,2,50,4,2,1,5,4,.95740504935423
101093,1,5,3,S,2,2,2, ,3, , , , , , , , ,3,2,2,70,1,2,1,2,5.43478260869565,1.30082207792694
101106,1,23,1,R,1,1,1,1,1,2,2,2,2,2, ,2, ,3,2,2,72,8,2,1,3,1,.239351262338558
101111,1,26,2,S,1,1,1,1,1,1,2,2,2,2, ,2, ,1,2,2,56,6,2,2,9,1.04347826086957,.249757838961973
101112,1,20,2,R,1,2,1,2,2,2,1,2,1,2, ,2, ,3,2,2,66,3,2,1,99,2.47826086956522,.593174867534686
101131,1,42,1,S,1,1,1,1,1,2,1,2,2,2, ,2, ,2,2,1,66,6,2,1,4,1.73913043478261,.416263064936622
101132,1,40,3,S,2,2,2, ,3, , , , , , , , ,3,2,2,66,2,2,1,1,4.08695652173913,.978218202601061
101134,1,48,3,U,1,1,1,1,1,2,2,2,2,2, ,2, ,3,2,1,69,6,2,1,9,1.60869565217391,.385043335066375
101135,1,21,3,R,1,1,1,1,1,1,1,2,2,2, ,1,4,1,2,2,37,5,2,1,9,5.65217391304348,1.35285496104402
101137,1,29,2,R,1,2,1,2,2,2,2,2,2,2, ,2, ,3,2,2,69,6,2,1,5,1,.239351262338558
101138,1,21,3,R,1,2,1,2,2,2,2,2,2,2, ,2, ,3,2,2,67,7,2,1,4,1,.239351262338558
101149,1,8,4,U,1,9,1,2,2,2,2,2,2,2, ,2, ,1,2,2,58,6,2,1,6,2,.478702524677115
101152,1,19,2,R,1,2,2, ,3,2,1,2,2, , , , ,3,2,1,74,2,2,1,3,2.30434782608696,.551548561041024
101158,1,17,2,U,2,1,1,1,1,2,2,2,2,2, ,2, ,3,2,1,71,8,2,1,99,1.47826086956522,.353823605196129
101160,1,49,4,S,1,1,1,1,1,1,1,1,1,2, ,1,4,1,1,2,33,6,2,1,6,5.26086956521739,1.25919577143328
101166,1,39,2,S,1,1,1,1,1,2,2,2,2,2, ,2, ,1,2,2,56,6,2,9,5,1.04347826086957,.249757838961973
101167,1,48,3,R,1,2,1,2,2,2,2,1,2,2, ,2, ,1,2,2,69,8,2,1,3,1,.239351262338558
101171,1,9,1,U,1,1,1,1,1,2,2,2,2,2, ,2, ,3,2,2,62,8,2,1,8,1.82608695652174,.437076218183453
101174,1,55,2,S,1,1,1,1,1,2,2,2,2,2, ,2, ,1,2,1,61,6,2,1,7,1.21739130434783,.291384145455635
101180,1,47,3,S,2,2,1,2,2, , , , ,2, ,2, ,3,2,1,80,2,2,2,4,2.52173913043478,.603581444158102
101184,1,55,2,S,1,2,1,2,2,2,2,2,2,2, ,2, ,3,2,2,65,4,2,1,8,1.65217391304348,.395449911689791
101197,1,55,2,R,2,2,2, ,3, , , , , , , , ,3,2,2,66,2,2,1,3,7.60869565217391,1.82115090909772
101200,1,20,2,S,1,1,1,1,1,1,2,1,2,2, ,2, ,1,1,1,43,6,2,1,7,3.26086956521739,.780493246756166
101210,1,39,2,S,8,2,2, ,3, , , , , , , , ,3,2,2,91,2,2,1,2,4.60869565217391,1.10309712208205
101211,1,21,3,R,2,2,2, ,3, , , , , , , , ,3,2,2,74,2,2,1,1,4.08695652173913,.978218202601061
101213,1,36,1,S,1,1,1,1,1,2,2,2,2,2, ,2, ,3,2,1,66,5,2,1,99,3.56521739130435,.853339283120075
101214,1,17,2,S,2,2,2, ,3, , , , , , , , ,3,2,1,79,1,2,1,4,8.60869565217391,2.06050217143628
101215,1,12,3,S,1,1,1,1,1,1,1,2,1,2, ,2, ,1,1,1,47,8,2,1,9,3.34782608695652,.801306400002997
101219,1,12,3,S,1,2,1,2,2,2,2,2,2,2, ,2, ,3,2,1,70,3,2,1,8,3,.718053787015673
101225,1,48,3,S,1,1,1,1,1,1,1,1,1,2, ,1,6,1,1,2,54,6,2,2,6,1.69565217391304,.405856488313206
101253,1,8,4,U,1,2,1,2,2,2,2,2,2,2, ,2, ,3,2,1,74,8,1,1,7,2.34782608695652,.56195513766444
101262,1,47,3,R,1,2,1,1,1,2,2,2,2,2, ,2, ,3,2,2,63,6,2,1,5,1,.239351262338558
101267,1,55,2,S,1,1,1,1,1,1,2,2,2,2, ,2, ,1,2,2,58,3,2,1,7,2.82608695652174,.676427480522011
101282,1,40,3,S,1,1,1,1,1,1,2,2,2,2, ,2, ,3,2,2,84,8,2,1,8,1,.239351262338558
101284,1,40,3,S,2,1,1,8,2,2,2,2,2,2, ,2, ,3,2,1,70,8,2,1,7,1.26086956521739,.301790722079051
101285,1,25,1,S,2,2,1,2,2, , , , ,2, ,2, ,3,2,2,84,4,2,1,9,1.8695652173913,.447482794806869
101288,1,29,2,S,1,1,1,1,1,2,2,2,2,2, ,2, ,3,2,2,54,5,2,1,99,6.1304347826087,1.46732730390159
101296,1,39,2,R,1,1,1,2,2,2,1,2,2,2, ,2, ,1,2,1,60,5,2,4,5,2.08695652173913,.499515677923946
101297,1,5,3,R,1,1,1,1,1,1,1,1,1,2, ,1,3,1,1,2,35,6,1,1,2,2.65217391304348,.634801174028348
101299,1,31,2,R,1,2,1,2,2,2,2,2,2,2, ,2, ,3,2,1,83,3,2,1,5,2.82608695652174,.676427480522011
101302,1,26,2,U,1,1,1,2,2,1,2,2,2,2, ,2, ,3,2,2,65,4,2,2,3,1.1304347826087,.270570992208804
101306,1,17,2,U,2,2,1,2,2, , , , ,2, ,2, ,3,2,1,55,3,2,2,1,3,.718053787015673
101310,1,12,3,U,2,2,2, ,3, , , , , , , , ,3,2,2,58,3,2,2,99,10.3913043478261,2.48717181299632
101311,1,37,3,R,1,1,1,2,2,2,2,2,2,2, ,2, ,3,2,2,72,3,2,1,3,2.21739130434783,.530735407794193
101317,1,13,3,S,1,1,1,2,2,2,2,2,2,2, ,2, ,1,1,1,38,5,2,1,4,5,1.19675631169279
101327,1,40,3,U,1,2,1,2,2,2,1,2,1,2, ,2, ,1,2,1,45,8,2,1,6,2.08695652173913,.499515677923946
101328,1,27,2,R,1,2,2, ,3,2,2,2,2, , , , ,3,2,2,58,2,2,1,6,4.65217391304348,1.11350369870546
101330,1,55,2,U,2,2,2, ,3, , , , , , , , ,3,2,2,58,3,2,1,1,5.65217391304348,1.35285496104402
101335,1,48,3,U,2,2,1,8,2, , , , ,2, ,2, ,1,1,1,36,6,2,1,3,2.60869565217391,.624394597404933
101338,1,51,3,R,2,2,1,2,2, , , , ,2, ,2, ,3,2,2,72,1,2,1,3,2.73913043478261,.655614327275179
101352,1,6,4,U,1,2,1,2,2,2,2,2,2,2, ,2, ,3,1,1,70,6,2,1,99,1.78260869565217,.426669641560037
101362,1,42,1,S,1,2,1,2,2,2,2,2,2,2, ,2, ,1,2,1,56,4,2,2,4,3.08695652173913,.738866940262504
101373,1,4,4,S,1,1,1,1,1,2,1,2,2,2, ,1,6,1,1,1,50,4,2,9,4,5.30434782608696,1.2696023480567
101377,1,6,4,S,2,2,2, ,3, , , , , , , , ,3,2,1,62,1,1,6,2,9.08695652173913,2.17497451429385
101380,1,47,3,U,1,1,1,1,1,2,2,2,2,2, ,2, ,2,2,2,72,6,2,1,3,1,.239351262338558
101382,1,42,1,R,1,2,1,2,2,2,2,2,2,2, ,2, ,3,2,1,66,6,2,1,7,1.73913043478261,.416263064936622
101388,1,4,4,U,2,2,2, ,3, , , , , , , , ,3,2,2,85,3,2,1,3,4.56521739130435,1.09269054545863
101389,1,25,1,S,1,1,1,1,1,2,2,2,2,2, ,1,6,3,1,2,30,2,2,1,4,6.86956521739131,1.64423910649966
101392,1,26,2,S,1,1,1,1,1,1,2,2,2,2, ,2, ,3,2,2,63,4,2,1,6,2.08695652173913,.499515677923946
101394,1,19,2,R,2,2,1,2,2, , , , ,2, ,2, ,3,2,1,85,5,2,1,4,1.56521739130435,.37463675844296
101396,1,6,4,S,1,1,1,1,1,1,1,1,1,2, ,1,6,1,1,2,33,6,2,1,6,3.21739130434783,.77008667013275
101406,1,31,2,R,2,2,2, ,3, , , , , , , , ,3,2,2,78,2,2,1,2,7.60869565217391,1.82115090909772
101408,1,22,3,S,2,2,1,2,2, , , , ,2, ,2, ,3,2,2,68,1,2,2,1,2.30434782608696,.551548561041024
101425,1,4,4,S,1,2,1,2,2,2,2,2,2,2, ,2, ,1,2,1,55,6,2,1,3,1,.239351262338558
101427,1,8,4,S,1,2,1,2,2,2,2,2,2,2, ,2, ,1,2,2,63,4,2,1,4,1.43478260869565,.343417028572713
101429,1,18,2,S,1,2,1,2,2,2,2,2,2,2, ,2, ,3,2,2,70,4,2,1,4,1.1304347826087,.270570992208804
101438,1,53,4,S,1,2,1,2,2,2,2,2,2,2, ,2, ,3,2,2,99,6,2,9,6,1.60869565217391,.385043335066375
101459,1,6,4,U,1,1,1,1,1,1,1,1,1,1,5,2, ,1,1,2,32,6,2,2,6,4.26086956521739,1.01984450909472
101477,1,53,4,S,2,2,1,8,2, , , , ,2, ,2, ,3,2,2,66,3,2,1,6,3.95652173913043,.946998472730815
101485,1,39,2,S,1,2,1,2,2,2,2,2,2,2, ,2, ,2,2,1,75,6,2,1,8,1.95652173913043,.4682959480537
101487,1,22,3,S,2,2,1,2,2, , , , ,2, ,2, ,3,1,2,73,2,1,2,3,2.73913043478261,.655614327275179
101499,1,40,3,R,1,2,1,2,2,2,2,2,2,2, ,2, ,3,2,1,99,9,2,9,99,1,.239351262338558
101504,1,6,4,S,1,1,1,1,1,1,1,2,1,2, ,2, ,3,1,2,36,3,2,1,8,10.3913043478261,2.48717181299632
101511,1,17,2,S,2,1,1,1,1,1,1,1,1,2, ,2, ,1,2,1,23,6,2,1,1,2.43478260869565,.582768290911271
101514,1,6,4,S,1,1,1,2,2,2,2,2,2,2, ,2, ,3,2,1,83,5,2,1,3,2.30434782608696,.551548561041024
101523,1,6,4,S,2,2,1,1,1, , , , ,2, ,2, ,1,1,1,99,4,2,1,5,3,.718053787015673
101537,1,53,4,U,1,2,1,2,2,2,2,2,2,2, ,2, ,3,2,1,76,8,2,1,6,2.34782608695652,.56195513766444
101539,1,6,4,S,1,1,1,1,1,2,2,2,2,2, ,2, ,1,2,2,67,6,2,1,7,1,.239351262338558
101554,1,42,1,S,2,2,1,2,2, , , , ,2, ,2, ,3,2,2,80,6,2,1,6,1.60869565217391,.385043335066375
101561,1,54,3,S,1,1,1,2,2,2,2,2,2,2, ,2, ,3,1,1,38,3,2,1,2,6.95652173913044,1.66505225974649
101567,1,53,4,S,2,2,2, ,3, , , , , , , , ,3,2,1,77,4,2,1,4,4.73913043478261,1.13431685195229
101568,1,6,4,S,1,2,1,2,2,2,2,2,2,2, ,2, ,3,2,2,72,5,2,1,3,2.60869565217391,.624394597404933
101569,1,19,2,S,1,2,1,1,1,1,2,2,2,2, ,8, ,3,2,2,75,8,2,1,5,1,.239351262338558
101572,1,37,3,S,1,1,1,1,1,1,1,2,1,2, ,1,4,3,2,2,52,5,1,1,9,7.78260869565217,1.86277721559138
101592,1,37,3,R,1,2,1,2,2,1,2,2,2,2, ,2, ,1,2,2,55,5,2,1,8,2.26086956521739,.541141984417608
101603,1,18,2,R,1,2,1,1,1,2,2,2,2,2, ,2, ,1,1,1,41,3,2,1,1,3.04347826086957,.728460363639088
101612,1,53,4,S,1,1,1,1,1,1,1,2,2,2, ,1,4,3,2,2,76,5,2,1,99,2.21739130434783,.530735407794193
101616,1,6,4,U,2,2,1,2,2, , , , ,2, ,2, ,3,2,2,83,3,2,1,6,2.47826086956522,.593174867534686
101627,1,36,1,S,1,1,1,1,1,2,2,2,2,2, ,2, ,1,2,1,55,7,1,6,9,3.60869565217391,.86374585974349
101644,1,48,3,R,1,2,1,2,2,2,2,2,2,2, ,2, ,3,2,2,46,4,2,1,1,5.39130434782609,1.29041550130353
101656,1,41,4,R,1,2,2, ,3,2,2,2,2, , , , ,3,2,1,63,4,2,1,2,3.73913043478261,.894965589613737
101665,1,41,4,U,1,2,1,8,2,2,2,2,2,2, ,2, ,1,2,2,58,1,1,1,3,7.56521739130435,1.81074433247431
101671,1,48,3,R,1,2,1,2,2,2,2,2,2,2, ,2, ,3,2,1,79,3,2,1,4,3,.718053787015673
101680,1,6,4,S,1,2,1,2,2,2,2,2,2,2, ,2, ,3,2,1,65,4,2,1,8,3.73913043478261,.894965589613737
101682,1,29,2,S,1,1,1,1,1,1,2,2,2,2, ,2, ,3,2,2,60,4,2,1,99,2.08695652173913,.499515677923946
101702,1,32,4,U,1,1,1,1,1,2,2,2,2,2, ,2, ,3,2,1,69,4,2,1,5,2.52173913043478,.603581444158102
101703,1,6,4,S,1,2,1,2,2,2,2,2,2,2, ,2, ,3,2,1,58,8,2,1,7,1.47826086956522,.353823605196129
101709,1,41,4,U,1,1,1,1,1,1,1,2,2,2, ,2, ,2,1,2,41,6,2,1,9,4.30434782608696,1.03025108571814
101737,1,6,4,U,1,2,1,1,1,2,2,2,2,2, ,2, ,3,2,2,70,4,2,1,5,2,.478702524677115
101745,1,4,4,U,1,2,1,2,2,2,2,2,2,2, ,2, ,1,2,2,60,3,2,1,6,4.17391304347826,.999031355847893
101752,1,51,3,S,1,1,1,1,1,2,1,2,2,2, ,2, ,1,1,2,30,4,1,6,3,5.43478260869565,1.30082207792694
101762,1,45,3,U,1,1,1,1,1,2,2,2,1,2, ,2, ,3,2,2,73,6,2,1,7,1.26086956521739,.301790722079051
101768,1,26,2,R,1,2,1,2,2,2,2,2,2,2, ,2, ,1,1,1,99,6,2,4,99,1,.239351262338558
101774,1,13,3,S,2,2,2, ,3, , , , , , , , ,3,2,2,97,2,2,2,3,10.3913043478261,2.48717181299632
101775,1,39,2,R,1,2,1,2,2,2,2,2,2,2, ,2, ,3,2,1,61,3,2,1,99,6.04347826086957,1.44651415065476
101779,1,36,1,R,1,2,1,2,2,2,2,2,2,2, ,2, ,3,2,2,81,4,2,1,2,1,.239351262338558
101792,1,36,1,S,2,2,1,2,2, , , , ,2, ,2, ,3,2,2,68,3,2,1,99,4.34782608695652,1.04065766234155
101799,1,10,3,S,1,2,1,1,1,2,2,2,2,2, ,2, ,3,2,1,75,6,1,1,6,1.82608695652174,.437076218183453
101803,1,42,1,S,2,2,1,2,2, , , , ,2, ,2, ,1,2,1,63,3,2,1,6,4.91304347826087,1.17594315844596
101805,1,51,3,U,1,2,1,2,2,2,2,2,2,2, ,2, ,3,2,2,56,6,2,1,6,1.78260869565217,.426669641560037
101806,1,42,1,S,1,1,1,2,2,2,2,2,2,2, ,2, ,1,1,1,32,3,2,1,7,5,1.19675631169279
101819,1,12,3,S,1,2,1,2,2,2,2,2,2,2, ,2, ,3,2,2,70,5,2,1,3,1.95652173913043,.4682959480537
101835,1,47,3,S,2,2,1,2,2, , , , ,2, ,2, ,3,2,2,82,3,2,1,2,3.26086956521739,.780493246756166
101837,1,24,3,S,1,1,1,1,1,1,1,2,2,2, ,1,6,2,2,2,54,4,2,1,8,8.86956521739131,2.12294163117677
101838,1,39,2,S,1,2,2, ,3,2,2,2,2, , , , ,1,2,1,44,3,2,1,4,10.3913043478261,2.48717181299632
101840,1,37,3,U,1,2,1,2,2,2,2,2,2,2, ,2, ,3,2,2,78,6,2,1,4,1.95652173913043,.4682959480537
101845,1,37,3,R,2,1,1,8,2,2,2,2,2,2, ,2, ,3,2,2,56,3,2,1,2,1.91304347826087,.457889371430284
101846,1,39,2,U,2,2,1,2,2, , , , ,2, ,2, ,3,2,2,82,3,2,1,3,1.8695652173913,.447482794806869
101847,1,42,1,R,1,2,2, ,3,1,1,1,1, , , , ,1,2,1,53,3,9,9,6,10.3913043478261,2.48717181299632
101871,1,13,3,R,1,1,1,1,1,2,2,2,2,2, ,2, ,1,2,1,66,6,2,1,9,1.34782608695652,.322603875325882
101878,1,18,2,R,1,1,1,2,2,2,1,2,1,2, ,2, ,3,2,2,59,3,2,1,5,3.78260869565217,.905372166237153
101889,1,9,1,U,1,2,1,2,2,2,2,2,2,2, ,2, ,1,2,2,64,3,2,1,7,3.21739130434783,.77008667013275
101892,1,36,1,S,1,1,1,1,1,2,2,2,2,2, ,2, ,1,1,2,99,6,2,4,8,1.56521739130435,.37463675844296
101895,1,37,3,U,2,2,1,2,2, , , , ,2, ,2, ,3,2,1,57,3,2,1,1,2.95652173913044,.707647210392257
101903,1,34,1,S,2,2,1,8,2, , , , ,2, ,2, ,3,2,1,94,3,2,1,1,4.91304347826087,1.17594315844596
101905,1,18,2,S,2,2,2, ,3, , , , , , , , ,3,2,2,85,3,2,1,3,5.04347826086956,1.2071628883162
101914,1,25,1,U,1,1,1,1,1,1,2,2,2,2, ,2, ,3,2,2,65,8,2,1,7,1,.239351262338558
101918,1,42,1,U,1,2,1,2,2,2,2,2,2,2, ,2, ,3,2,2,75,5,2,1,4,2.47826086956522,.593174867534686
101919,1,37,3,R,1,2,2, ,3,2,1,2,2, , , , ,3,2,2,63,3,2,2,2,10.3913043478261,2.48717181299632
101923,1,39,2,R,1,1,1,1,1,2,2,2,2,2, ,2, ,3,2,2,70,3,2,1,4,2.47826086956522,.593174867534686
101936,1,42,1,S,1,2,1,2,2,2,2,2,2,2, ,2, ,1,2,2,62,4,2,1,8,2.30434782608696,.551548561041024
101948,1,37,3,R,1,1,1,1,1,1,2,9,2,2, ,1,9,3,2,2,67,8,2,1,99,1.26086956521739,.301790722079051
101962,1,12,3,S,2,2,1,2,2, , , , ,2, ,2, ,3,2,2,79,8,2,1,6,1,.239351262338558
101971,1,18,2,R,1,1,1,1,1,1,2,2,2,2, ,2, ,3,2,2,66,4,2,1,7,1.69565217391304,.405856488313206
101972,1,51,3,U,1,1,1,1,1,2,2,2,2,2, ,2, ,1,1,1,47,8,2,1,9,3.21739130434783,.77008667013275
101986,1,51,3,S,1,1,1,1,1,1,1,1,1,2, ,2, ,1,1,2,40,8,2,1,7,3.82608695652174,.915778742860568
101990,1,36,1,U,1,1,1,2,2,2,2,2,2,2, ,2, ,2,2,2,77,8,2,1,8,1.52173913043478,.364230181819544
101991,1,36,1,S,1,2,1,2,2,2,2,2,2,2, ,2, ,3,2,1,64,6,2,1,7,1.78260869565217,.426669641560037
102005,1,36,1,S,1,2,1,8,2,2,2,2,2,2, ,2, ,3,2,2,89,8,2,1,2,1,.239351262338558
102006,1,39,2,S,1,2,1,2,2,2,2,2,2,2, ,2, ,2,2,1,66,3,2,1,2,2.1304347826087,.509922254547362
102009,1,13,3,R,1,2,1,2,2,2,2,2,2,2, ,2, ,3,2,2,76,6,2,1,2,1,.239351262338558
102018,1,51,3,S,1,1,1,1,1,2,2,2,2,2, ,2, ,1,1,1,47,8,2,1,9,4.04347826086957,.967811625977646
102029,1,25,1,U,1,2,1,2,2,2,2,2,2,2, ,2, ,3,2,2,63,8,2,1,7,1.82608695652174,.437076218183453
102030,1,39,2,S,1,1,1,2,2,1,1,1,1,2, ,2, ,3,1,2,50,8,2,3,8,4.52173913043478,1.08228396883522
102031,1,34,1,S,1,1,1,1,1,2,2,2,2,2, ,2, ,1,2,1,55,8,2,2,9,2.30434782608696,.551548561041024
102038,1,34,1,S,1,1,1,2,2,2,1,2,8,2, ,2, ,2,2,1,73,6,2,1,7,1.65217391304348,.395449911689791
102040,1,12,3,S,1,1,1,1,1,2,2,2,1,2, ,2, ,1,2,2,40,8,1,2,9,5.65217391304348,1.35285496104402
102043,1,45,3,U,1,1,1,2,2,2,2,2,2,2, ,2, ,1,2,1,77,8,2,1,8,1.34782608695652,.322603875325882
102047,1,34,1,S,1,1,1,1,1,2,2,2,2,2, ,2, ,1,1,1,50,8,2,1,9,3.43478260869565,.822119553249828
102050,1,25,1,S,1,2,1,2,2,2,2,2,2,2, ,2, ,1,1,1,62,3,2,2,3,6.86956521739131,1.64423910649966
102051,1,36,1,S,1,1,1,1,1,2,2,2,2,2, ,2, ,1,1,1,54,5,2,1,9,7.95652173913044,1.90440352208505
102052,1,9,1,S,1,2,1,1,1,2,2,2,2,2, ,2, ,1,2,2,55,4,2,1,4,2.65217391304348,.634801174028348
102054,1,12,3,S,1,1,1,1,1,2,2,2,2,2, ,2, ,3,2,2,73,8,2,1,9,1.17391304347826,.28097756883222
102064,1,42,1,S,1,2,1,1,1,2,2,2,1,2, ,2, ,2,2,2,65,4,2,2,5,1.30434782608696,.312197298702466
102065,1,51,3,S,1,1,1,1,1,2,2,2,1,2, ,2, ,3,2,1,82,6,2,9,99,1.34782608695652,.322603875325882
102066,1,36,1,S,1,2,1,2,2,2,2,2,2,2, ,2, ,3,2,2,78,3,2,1,3,2.82608695652174,.676427480522011
102077,1,42,1,S,1,1,1,1,1,2,2,2,2,2, ,2, ,1,1,1,50,6,2,1,7,2.56521739130435,.613988020781517
102083,1,47,3,U,1,2,2, ,3,2,1,2,1, , , , ,1,1,2,35,5,2,4,1,10.3913043478261,2.48717181299632
102089,1,42,1,U,2,1,1,1,1,2,2,2,2,2, ,2, ,9,2,1,99,9,2,1,99,1.65217391304348,.395449911689791
102091,1,12,3,S,2,2,1,2,2, , , , ,2, ,2, ,2,2,2,67,3,2,1,6,3.26086956521739,.780493246756166
102101,1,8,4,S,1,2,1,2,2,2,2,2,2,2, ,2, ,3,2,2,68,6,2,1,6,1.39130434782609,.333010451949298
102110,1,8,4,S,1,2,1,2,2,2,2,2,2,2, ,2, ,2,2,2,62,6,2,1,6,1.47826086956522,.353823605196129
102111,1,29,2,R,1,2,1,2,2,2,1,2,2,2, ,2, ,3,2,2,68,4,2,5,2,1,.239351262338558
102113,1,41,4,R,1,1,1,1,1,2,2,2,2,2, ,2, ,3,2,2,66,8,2,1,7,1.04347826086957,.249757838961973
102117,1,26,2,U,2,2,1,2,2, , , , ,2, ,2, ,3,2,2,83,3,2,1,99,1.8695652173913,.447482794806869
102130,1,48,3,U,1,1,1,2,2,2,2,2,2,2, ,2, ,1,2,1,99,8,2,1,9,1,.239351262338558
102131,1,24,3,S,1,1,1,1,1,2,1,2,1,2, ,2, ,1,1,2,55,8,2,1,99,1.78260869565217,.426669641560037
102141,1,21,3,S,1,1,1,2,2,2,2,2,2,2, ,2, ,3,2,2,70,8,2,1,6,1,.239351262338558
102142,1,48,3,U,1,1,1,1,1,1,1,2,1,2, ,2, ,3,1,2,39,3,2,2,2,9.60869565217391,2.29985343377484
102151,1,21,3,S,1,1,1,2,2,1,2,2,2,2, ,2, ,3,2,2,69,4,2,1,5,1.95652173913043,.4682959480537
102157,1,25,1,S,1,2,1,2,2,2,2,2,2,2, ,2, ,3,2,1,85,4,2,1,6,2.82608695652174,.676427480522011
102160,1,42,1,S,1,2,1,2,2,1,2,2,2,2, ,2, ,3,2,2,71,3,2,1,3,2.26086956521739,.541141984417608
102163,1,42,1,S,1,1,1,1,1,1,1,2,2,2, ,1,6,3,2,2,67,4,2,1,7,2.47826086956522,.593174867534686
102170,1,12,3,S,1,2,1,2,2,2,2,2,2,2, ,2, ,3,2,2,75,4,2,1,9,1.78260869565217,.426669641560037
102171,1,9,1,S,1,2,1,2,2,2,2,2,2,2, ,2, ,1,2,1,62,8,1,1,99,2.78260869565217,.666020903898595
102178,1,18,2,S,1,1,1,1,1,2,2,2,2,2, ,2, ,3,1,2,43,5,2,3,6,5.34782608695652,1.28000892468011
102179,1,39,2,U,2,2,2, ,3, , , , , , , , ,3,2,2,85,3,2,1,2,6,1.43610757403135
102184,1,19,2,S,1,2,1,2,2,2,2,2,2,2, ,2, ,3,2,2,67,6,2,1,7,1.17391304347826,.28097756883222
102185,1,42,1,S,1,1,1,1,1,1,2,2,2,2, ,2, ,3,2,1,43,3,2,1,2,7.17391304347826,1.71708514286357
102187,1,37,3,U,1,2,1,2,2,1,2,2,1,2, ,2, ,3,2,1,73,8,2,1,9,1.65217391304348,.395449911689791
102193,1,37,3,U,1,2,2, ,3,2,2,2,2, , , , ,3,2,2,77,7,2,1,6,3.82608695652174,.915778742860568
102204,1,39,2,U,1,1,1,1,1,1,1,1,1,2, ,1,6,2,2,2,67,4,2,1,8,2.26086956521739,.541141984417608
102210,1,36,1,U,1,2,1,1,1,2,2,2,2,2, ,2, ,3,2,2,99,6,2,9,99,1.52173913043478,.364230181819544
102211,1,51,3,S,1,1,1,1,1,1,2,2,2,2, ,2, ,3,2,2,74,6,2,1,6,1.56521739130435,.37463675844296
102214,1,34,1,S,1,1,1,1,1,2,2,2,2,2, ,2, ,3,2,1,67,5,2,1,8,2.82608695652174,.676427480522011
102233,1,35,4,U,1,1,1,1,1,2,2,2,2,2, ,2, ,3,2,2,69,5,2,1,7,2,.478702524677115
102235,1,6,4,U,1,1,1,1,1,1,2,1,2,2, ,2, ,1,1,2,51,6,2,1,9,4.26086956521739,1.01984450909472
102236,1,20,2,R,2,2,1,2,2, , , , ,2, ,2, ,3,2,2,74,3,2,1,3,1.56521739130435,.37463675844296
102244,1,51,3,S,2,2,1,1,1, , , , ,2, ,2, ,3,2,2,72,3,2,1,4,1.65217391304348,.395449911689791
102245,1,20,2,R,1,2,1,1,1,2,2,2,2,2, ,2, ,1,2,2,55,8,2,1,3,1,.239351262338558
102247,1,31,2,S,1,1,1,2,2,2,2,2,2,2, ,2, ,2,1,2,43,6,2,1,99,2.91304347826087,.697240633768842
102252,1,35,4,U,1,2,1,1,1,1,2,1,2,2, ,2, ,3,2,1,54,6,1,1,7,3.78260869565217,.905372166237153
102254,1,39,2,R,1,1,1,2,2,2,2,2,2,2, ,2, ,3,2,2,71,4,2,1,6,1,.239351262338558
102261,1,37,3,R,1,1,1,1,1,1,1,2,1,2, ,2, ,1,2,2,57,6,2,1,9,1.43478260869565,.343417028572713
102284,1,36,1,S,1,1,1,1,1,1,1,1,1,2, ,2, ,1,1,1,40,8,2,1,9,3.65217391304348,.874152436366906
102290,1,49,4,S,1,1,1,2,2,2,1,2,1,2, ,2, ,3,2,2,58,8,2,1,4,1,.239351262338558
102295,1,33,1,U,1,2,1,2,2,2,2,2,2,2, ,2, ,1,2,2,61,6,2,1,6,1.69565217391304,.405856488313206
102299,1,36,1,S,1,1,1,1,1,2,2,2,2,2, ,2, ,1,2,1,73,8,2,1,9,1.65217391304348,.395449911689791
102300,1,4,4,U,1,2,1,2,2,2,2,2,2,2, ,2, ,2,2,2,60,4,2,1,4,1.43478260869565,.343417028572713
102303,1,6,4,S,1,1,1,1,1,2,2,2,2,2, ,2, ,1,2,2,70,8,2,1,8,1.30434782608696,.312197298702466
102308,1,29,2,S,1,1,1,1,1,1,1,2,1,1,6,1,6,1,2,2,22,6,2,1,6,4.39130434782609,1.05106423896497
102316,1,29,2,R,1,1,1,1,1,2,2,2,2,2, ,2, ,1,1,1,46,8,2,1,8,2.39130434782609,.572361714287855
102322,1,31,2,S,1,1,1,1,1,2,2,2,2,2, ,2, ,1,2,1,57,8,2,1,99,2.52173913043478,.603581444158102
102330,1,27,2,S,1,1,1,1,1,2,2,2,2,2, ,2, ,1,2,2,50,4,2,9,99,4,.95740504935423
102334,1,19,2,R,1,2,1,2,2,2,2,2,2,2, ,2, ,3,2,2,71,5,2,1,8,1.69565217391304,.405856488313206
102344,1,1,3,R,1,2,1,2,2,1,1,2,2,2, ,2, ,2,2,2,50,4,2,1,5,4.34782608695652,1.04065766234155
102345,1,17,2,S,1,1,1,1,1,1,1,2,2,2, ,2, ,1,1,2,32,6,2,1,7,3.26086956521739,.780493246756166
102346,1,6,4,S,2,2,2, ,3, , , , , , , , ,1,2,2,54,3,1,6,4,10.3913043478261,2.48717181299632
102348,1,27,2,U,1,1,1,1,1,1,2,2,2,2, ,2, ,1,2,2,61,8,2,1,8,1.60869565217391,.385043335066375
102350,1,6,4,U,1,1,1,1,1,1,1,1,1,1,2,1,9,2,2,2,23,6,2,1,99,6.60869565217391,1.58179964675916
102354,1,40,3,U,1,1,1,1,1,2,2,2,2,2, ,2, ,3,1,2,44,4,2,1,8,9.26086956521739,2.21660082078751
102360,1,48,3,S,1,2,2, ,3,2,2,2,2, , , , ,3,2,1,62,5,2,1,7,4.34782608695652,1.04065766234155
102362,1,48,3,U,1,1,1,1,1,1,1,2,1,2, ,1,6,1,2,2,48,6,2,2,6,2,.478702524677115
102363,1,55,2,S,1,1,1,2,2,1,2,2,2,2, ,2, ,3,2,1,58,5,2,1,2,1.26086956521739,.301790722079051
102371,1,8,4,U,1,1,1,1,1,2,2,2,2,2, ,2, ,3,2,2,64,3,2,1,5,6.73913043478261,1.61301937662941
102376,1,17,2,S,1,1,1,1,1,1,2,2,2,2, ,2, ,1,2,1,64,8,2,1,6,1.60869565217391,.385043335066375
102377,1,35,4,S,1,2,1,1,1,2,2,2,2,2, ,2, ,3,2,1,73,7,2,1,6,1,.239351262338558
102378,1,8,4,S,1,1,1,1,1,2,2,2,2,2, ,2, ,1,1,2,50,8,2,1,9,3.60869565217391,.86374585974349
102395,1,42,1,S,1,1,1,1,1,2,2,2,2,2, ,2, ,1,2,1,30,6,2,1,99,2.04347826086957,.489109101300531
102402,1,33,1,R,1,2,1,2,2,2,2,2,2,2, ,2, ,2,2,2,75,8,2,1,99,1,.239351262338558
102411,1,33,1,S,1,1,1,1,1,1,2,2,2,2, ,2, ,2,2,1,53,3,2,1,7,7.82608695652174,1.8731837922148
102415,1,39,2,R,1,2,1,2,2,1,1,1,1,2, ,2, ,3,2,2,49,3,2,1,3,8.60869565217391,2.06050217143628
102423,1,39,2,U,2,2,1,1,1, , , , ,2, ,2, ,3,2,2,58,3,2,2,2,2.43478260869565,.582768290911271
102427,1,42,1,U,1,1,1,2,2,2,2,2,2,2, ,2, ,3,2,2,73,3,2,2,3,2.26086956521739,.541141984417608
102429,1,23,1,R,1,2,1,2,2,8,2,2,2,2, ,2, ,3,2,2,70,8,2,1,6,1.60869565217391,.385043335066375
102432,1,9,1,R,1,1,1,1,1,2,2,2,2,1,6,2, ,3,1,2,55,6,2,9,9,1.8695652173913,.447482794806869
102441,1,36,1,U,2,2,1,1,1, , , , ,2, ,2, ,3,2,1,70,2,2,2,2,2.56521739130435,.613988020781517
102450,1,44,1,S,2,2,2, ,3, , , , , , , , ,3,2,1,80,8,2,1,4,4.21739130434783,1.00943793247131
102458,1,26,2,U,2,2,1,2,2, , , , ,2, ,2, ,3,2,2,67,3,2,1,3,2.04347826086957,.489109101300531
102474,1,25,1,S,1,2,1,2,2,2,2,1,1,2, ,2, ,3,2,1,81,6,2,1,6,1.08695652173913,.260164415585389
102482,1,51,3,S,1,1,1,1,1,1,2,2,2,2, ,2, ,1,2,2,32,1,2,1,8,6.65217391304348,1.59220622338258
102484,1,36,1,R,1,1,1,2,2,2,2,2,2,2, ,2, ,1,2,2,43,8,2,1,8,3.21739130434783,.77008667013275
102489,1,47,3,S,1,1,1,1,1,2,2,2,2,2, ,2, ,1,1,1,36,8,2,1,9,2.8695652173913,.686834057145426
102492,1,42,1,S,2,2,2, ,3, , , , , , , , ,3,2,2,83,3,2,1,2,5.1304347826087,1.22797604156303
102516,1,37,3,S,1,1,1,1,1,1,2,2,1,2, ,2, ,2,1,2,36,5,2,1,3,4.30434782608696,1.03025108571814
102521,1,21,3,R,1,2,1,2,2,2,1,2,2,2, ,2, ,3,2,2,75,8,2,1,4,1,.239351262338558
102537,1,42,1,R,1,1,1,2,2,2,1,2,1,2, ,2, ,3,2,2,57,4,2,1,3,1.73913043478261,.416263064936622
102546,1,45,3,S,1,2,1,2,2,2,2,2,2,2, ,2, ,2,2,2,73,2,2,1,99,3.26086956521739,.780493246756166
102553,1,36,1,S,1,1,1,1,1,1,2,2,2,2, ,2, ,1,2,1,30,6,2,1,6,3.34782608695652,.801306400002997
102561,1,21,3,S,1,1,1,1,1,1,1,1,1,2, ,2, ,1,1,1,35,6,2,1,3,1.78260869565217,.426669641560037
102562,1,34,1,S,1,1,1,1,1,2,2,2,2,2, ,2, ,1,2,2,40,6,2,1,5,3.30434782608696,.790899823379582
102563,1,39,2,U,1,1,1,2,2,2,2,2,2,2, ,2, ,3,2,2,71,4,2,1,6,1.65217391304348,.395449911689791
102571,1,24,3,S,1,2,1,2,2,1,2,2,2,2, ,2, ,3,2,1,66,8,2,1,7,1.65217391304348,.395449911689791
102579,1,37,3,S,2,2,1,2,2, , , , ,2, ,2, ,1,2,2,60,5,2,1,3,1.04347826086957,.249757838961973
102584,1,54,3,S,1,1,1,1,1,1,2,1,1,2, ,2, ,1,2,2,53,5,2,5,7,4.43478260869565,1.06147081558839
102585,1,12,3,S,1,2,1,2,2,2,2,2,2,2, ,2, ,3,2,1,67,6,2,1,5,1.34782608695652,.322603875325882
102595,1,42,1,S,1,1,1,1,1,1,1,2,2,2, ,1,9,2,2,2,62,4,2,1,99,2.1304347826087,.509922254547362
102598,1,51,3,S,1,1,1,1,1,2,1,2,2,2, ,2, ,3,2,2,67,4,2,1,3,1.1304347826087,.270570992208804
102599,1,12,3,S,1,2,1,2,2,2,2,2,2,2, ,2, ,3,2,2,74,3,2,1,2,3.26086956521739,.780493246756166
102601,1,51,3,S,1,1,1,1,1,1,2,1,2,2, ,2, ,1,2,2,40,6,2,1,8,2.60869565217391,.624394597404933
102604,1,34,1,S,1,1,1,1,1,2,2,2,2,2, ,2, ,3,1,1,45,6,2,9,9,2.56521739130435,.613988020781517
102608,1,26,2,S,1,1,1,2,2,2,1,1,1,2, ,2, ,1,1,2,52,3,2,1,6,6.30434782608696,1.50895361039525
102619,1,36,1,S,1,1,1,1,1,2,2,2,2,2, ,2, ,2,2,2,63,8,2,1,8,1.08695652173913,.260164415585389
102631,1,48,3,S,2,2,2, ,3, , , , , , , , ,3,2,1,77,1,2,1,2,5.65217391304348,1.35285496104402
102633,1,48,3,U,2,2,1,8,2, , , , ,2, ,2, ,1,2,1,59,3,2,1,2,3.8695652173913,.926185319483984
102649,1,5,3,R,1,1,2, ,3,2,2,2,2, , , , ,3,2,2,42,3,2,2,1,10.3913043478261,2.48717181299632
102655,1,17,2,U,1,1,1,1,1,1,1,1,1,2, ,1,6,1,2,1,99,6,2,1,9,1.47826086956522,.353823605196129
102658,1,19,2,S,1,1,1,1,1,1,1,2,2,2, ,2, ,1,1,1,39,6,2,1,6,2.65217391304348,.634801174028348
102673,1,40,3,U,1,1,1,1,1,2,2,2,2,2, ,2, ,1,1,2,48,3,2,1,2,7.43478260869565,1.77952460260406
102676,1,17,2,S,1,1,2, ,3,2,2,2,9, , , , ,3,1,1,99,9,1,2,99,2.39130434782609,.572361714287855
102679,1,27,2,S,1,1,1,2,2,2,2,2,2,2, ,2, ,3,2,2,55,3,2,1,99,4.47826086956522,1.0718773922118
102684,1,12,3,R,2,2,2, ,3, , , , , , , , ,3,2,2,86,4,2,1,3,2.26086956521739,.541141984417608
102688,1,17,2,S,1,1,1,1,1,2,2,2,2,2, ,2, ,3,1,2,42,4,2,1,5,6.39130434782609,1.52976676364209
102698,1,22,3,S,2,1,1,2,2,2,2,2,2,2, ,2, ,3,2,1,70,5,2,2,6,1.39130434782609,.333010451949298
102701,1,18,2,U,1,2,1,2,2,2,2,2,2,2, ,2, ,3,2,2,68,5,1,1,99,2.26086956521739,.541141984417608
102705,1,19,2,R,1,1,1,8,2,1,1,2,2,2, ,2, ,3,2,2,69,4,2,1,3,1.39130434782609,.333010451949298
102717,1,27,2,R,1,2,1,2,2,2,2,2,2,2, ,2, ,3,2,2,69,8,2,1,6,1,.239351262338558
102720,1,20,2,U,1,2,1,2,2,1,2,2,2,2, ,2, ,1,2,2,59,4,2,1,5,1.30434782608696,.312197298702466
102723,1,48,3,U,1,1,1,1,1,2,2,2,2,2, ,2, ,1,9,1,99,8,9,9,99,1.34782608695652,.322603875325882
102727,1,29,2,U,1,1,1,1,1,1,1,2,1,2, ,1,6,1,2,2,50,8,2,1,7,2.73913043478261,.655614327275179
102736,1,47,3,U,1,2,1,2,2,1,1,2,2,2, ,2, ,1,1,1,50,8,2,1,99,3.34782608695652,.801306400002997
102761,1,48,3,S,1,1,1,2,2,1,1,1,1,2, ,2, ,3,1,1,71,4,2,1,8,2.56521739130435,.613988020781517
102777,1,27,2,S,1,1,1,1,1,1,1,2,2,2, ,2, ,3,1,2,41,4,2,2,2,4.34782608695652,1.04065766234155
102784,1,48,3,R,1,2,1,2,2,2,2,2,2,2, ,2, ,3,2,2,64,3,2,1,99,3.04347826086957,.728460363639088
200005,2,44,1,S,1,1, ,1,1,1,1,1,1,1,4,1,1,3,2,1,18,4,2,1,7,5.65217391304348,1.35285496104402
200010,2,37,3,U,1,1, ,1,1,2,2,2,2,2, ,2, ,1,1,1,48,4,2,2,6,4.34782608695652,1.04065766234155
200012,2,51,3,S,1,2, ,1,1,1,1,2,1,2, ,2, ,1,1,2,52,3,2,1,7,6.78260869565217,1.62342595325283
200014,2,37,3,R,2,2, ,1,1, , , , ,2, ,2, ,3,2,2,56,3,2,2,1,1.60869565217391,.385043335066375
200019,2,26,2,R,1,1, ,2,2,2,2,2,2,1,6,2, ,2,2,1,59,4,2,1,9,3,.718053787015673
200026,2,12,3,U,1,1, ,2,2,2,2,2,2,2, ,2, ,3,2,2,70,3,2,1,5,2.04347826086957,.489109101300531
200047,2,21,3,S,1,2, ,2,2,2,2,2,2,2, ,2, ,2,2,1,68,6,2,1,6,2.47826086956522,.593174867534686
200048,2,42,1,U,1,1, ,1,1,1,1,1,1,2, ,1,3,3,2,2,24,6,2,2,6,5.82608695652174,1.39448126753768
200059,2,1,3,S,1,2, ,8,2,1,1,2,2,2, ,2, ,1,1,2,42,2,2,5,2,10.3913043478261,2.48717181299632
200061,2,36,1,S,1,1, ,1,1,1,1,1,2,1,1,1,1,3,2,2,22,6,2,1,2,5.34782608695652,1.28000892468011
200083,2,26,2,S,1,1, ,1,1,2,2,2,2,2, ,2, ,1,1,2,34,8,2,1,7,6.26086956521739,1.49854703377184
200084,2,51,3,U,1,1, ,1,1,1,1,2,1,1,3,2, ,3,2,1,24,6,2,1,2,4.04347826086957,.967811625977646
200096,2,19,2,U,1,1, ,1,1,2,2,2,2,2, ,2, ,1,2,1,65,5,2,1,7,2.08695652173913,.499515677923946
200097,2,12,3,U,2,2, ,2,2, , , , ,2, ,2, ,1,2,2,31,3,2,2,4,6.95652173913044,1.66505225974649
200112,2,21,3,U,1,1, ,8,2,1,2,2,2,2, ,2, ,1,2,1,67,4,2,2,9,2.30434782608696,.551548561041024
200117,2,39,2,U,2,2, ,2,2, , , , ,2, ,2, ,3,2,1,18,2,2,2,3,4.21739130434783,1.00943793247131
200120,2,27,2,R,1,1, ,1,1,1,1,1,1,2, ,2, ,2,2,1,25,4,2,1,99,5.39130434782609,1.29041550130353
200124,2,48,3,S,1,1, ,1,1,1,1,1,1,2, ,1,1,3,2,1,18,3,1,1,99,9.17391304347826,2.19578766754068
200138,2,19,2,U,1,2, ,2,2,2,2,2,2,2, ,2, ,1,2,1,58,6,2,1,6,1.21739130434783,.291384145455635
200152,2,28,3,R,1,1, ,1,1,2,2,2,2,2, ,2, ,2,1,1,59,4,2,1,6,4.30434782608696,1.03025108571814
200155,2,48,3,S,2,2, ,8,2, , , , ,2, ,2, ,1,1,1,34,2,1,6,3,8.04347826086957,1.92521667533188
200156,2,48,3,S,1,1, ,1,1,2,2,2,2,2, ,2, ,2,2,2,69,6,2,1,6,1.47826086956522,.353823605196129
200159,2,48,3,U,1,1, ,1,1,1,1,1,1,1,5,1,5,3,1,2,31,6,2,1,9,6.78260869565217,1.62342595325283
200164,2,37,3,R,2,2, ,2,2, , , , ,2, ,2, ,3,2,1,56,3,2,2,1,4.8695652173913,1.16553658182254
200168,2,29,2,R,2,2, ,2,2, , , , ,2, ,2, ,1,2,1,54,3,2,1,5,2.91304347826087,.697240633768842
200187,2,24,3,S,2,2, ,8,2, , , , ,2, ,2, ,3,2,2,76,4,2,2,3,3,.718053787015673
200190,2,13,3,S,1,2, ,1,1,2,2,2,2,2, ,2, ,1,2,1,67,8,2,1,7,2.47826086956522,.593174867534686
200197,2,42,1,S,1,1, ,2,2,2,2,2,2,2, ,2, ,1,2,1,74,3,2,1,4,4.73913043478261,1.13431685195229
200198,2,22,3,S,1,2, ,2,2,2,2,2,2,2, ,2, ,1,2,1,59,6,2,1,6,1.30434782608696,.312197298702466
200226,2,12,3,S,1,1, ,1,1,2,2,2,2,2, ,2, ,1,2,1,54,5,2,1,5,7.73913043478261,1.85237063896797
200238,2,34,1,S,2,1, ,2,2,2,2,2,2,2, ,2, ,3,2,2,51,3,2,1,4,9.08695652173913,2.17497451429385
200243,2,40,3,S,1,1, ,2,2,2,2,2,2,2, ,2, ,3,2,1,19,2,1,1,6,10.3913043478261,2.48717181299632
200246,2,1,3,R,1,1, ,1,1,1,1,1,1,1,6,2, ,2,2,1,21,3,2,1,7,5.69565217391304,1.36326153766744
200252,2,40,3,R,1,1, ,1,1,1,2,2,2,2, ,2, ,1,1,1,40,4,2,4,3,6.21739130434783,1.48814045714842
200256,2,6,4,U,1,1, ,1,1,1,2,1,2,2, ,2, ,3,1,2,37,6,2,1,9,8.56521739130435,2.05009559481286
200264,2,25,1,S,1,1, ,1,1,1,1,1,1,2, ,1,3,2,2,1,20,2,2,1,1,5.39130434782609,1.29041550130353
200265,2,8,4,S,1,1, ,1,1,1,2,2,2,2, ,2, ,1,2,1,28,6,2,1,3,4.04347826086957,.967811625977646
200277,2,12,3,S,1,1, ,1,1,2,2,2,2,2, ,2, ,1,2,2,25,4,2,2,7,9.04347826086957,2.16456793767043
200282,2,29,2,S,1,1, ,1,1,2,2,2,2,2, ,2, ,1,2,1,52,3,2,1,7,5.78260869565217,1.38407469091427
200290,2,35,4,R,2,2, ,2,2, , , , ,2, ,2, ,3,1,1,51,3,1,6,1,10.3913043478261,2.48717181299632
200291,2,13,3,S,1,2, ,2,2,1,2,2,2,2, ,2, ,3,2,2,61,3,2,1,7,5,1.19675631169279
200299,2,18,2,S,1,1, ,1,1,2,2,2,2,2, ,2, ,3,2,1,64,8,2,1,7,2,.478702524677115
200302,2,42,1,U,1,1, ,1,1,2,2,2,2,2, ,2, ,1,2,1,29,6,2,1,7,4.82608695652174,1.15513000519913
200308,2,37,3,R,1,1, ,1,1,2,2,2,2,2, ,2, ,2,2,2,99,6,2,1,7,2.1304347826087,.509922254547362
200324,2,6,4,U,1,1, ,1,1,1,1,1,1,1,8,8, ,1,1,1,60,8,2,1,9,2.65217391304348,.634801174028348
200330,2,8,4,S,1,1, ,1,1,1,2,2,1,2, ,2, ,1,2,1,23,3,2,1,4,7.60869565217391,1.82115090909772
200333,2,28,3,R,1,1, ,1,1,1,1,2,2,2, ,1,2,2,2,2,30,8,2,2,99,3.56521739130435,.853339283120075
200334,2,39,2,U,1,1, ,1,1,1,1,1,1,2, ,1,1,2,1,2,27,4,2,2,2,9.65217391304348,2.31026001039825
200335,2,25,1,U,1,1, ,1,1,1,2,1,2,2, ,2, ,1,2,1,26,6,2,3,7,4.30434782608696,1.03025108571814
200337,2,48,3,S,1,1, ,2,2,2,2,2,2,1,6,2, ,3,2,2,78,3,2,1,4,3.56521739130435,.853339283120075
200338,2,5,3,S,1,2, ,2,2,1,1,2,1,2, ,2, ,3,1,2,38,3,2,1,1,10.3913043478261,2.48717181299632
200352,2,26,2,S,1,1, ,1,1,2,1,2,1,2, ,2, ,1,2,2,46,5,2,1,6,9.47826086956522,2.26863370390459
200363,2,42,1,U,1,1, ,1,1,2,1,2,2,2, ,2, ,3,2,2,68,5,2,1,99,3.56521739130435,.853339283120075
200366,2,13,3,S,1,1, ,1,1,2,2,2,2,2, ,2, ,1,2,2,34,8,2,2,5,5.86956521739131,1.4048878441611
200378,2,49,4,R,1,2, ,2,2,2,2,2,2,2, ,2, ,3,2,1,71,6,2,1,2,1.69565217391304,.405856488313206
200380,2,55,2,U,1,1, ,2,2,1,1,2,2,2, ,2, ,1,2,1,48,6,2,1,6,3.43478260869565,.822119553249828
200383,2,48,3,S,1,1, ,2,2,2,1,1,1,2, ,2, ,3,1,2,20,3,1,1,1,10.3913043478261,2.48717181299632
200384,2,46,2,U,1,2, ,2,2,1,1,2,1,2, ,2, ,2,2,2,22,5,2,1,99,8.17391304347826,1.95643640520212
200393,2,28,3,R,2,2, ,2,2, , , , ,2, ,2, ,1,2,1,57,2,2,2,2,4.8695652173913,1.16553658182254
200397,2,17,2,R,2,1, ,2,2,2,2,2,2,2, ,2, ,1,1,1,57,3,2,1,3,5.39130434782609,1.29041550130353
200398,2,49,4,U,1,1, ,1,1,1,2,1,1,2, ,1,5,1,2,2,55,6,2,1,8,2.47826086956522,.593174867534686
200411,2,4,4,S,2,2, ,2,2, , , , ,2, ,2, ,3,2,1,68,3,1,1,5,9.08695652173913,2.17497451429385
200419,2,47,3,S,1,2, ,2,2,2,2,2,2,2, ,2, ,2,2,1,18,2,2,1,4,6.21739130434783,1.48814045714842
200420,2,51,3,S,1,1, ,1,1,2,2,2,2,2, ,2, ,1,2,1,44,8,1,1,7,5.78260869565217,1.38407469091427
200423,2,17,2,S,1,1, ,1,1,1,1,2,1,1,1,1,1,3,2,1,20,4,2,1,7,7.56521739130435,1.81074433247431
200435,2,6,4,S,1,1, ,1,1,1,1,2,1,1,4,2, ,3,2,1,18,4,2,4,8,5.82608695652174,1.39448126753768
200442,2,53,4,S,1,1, ,1,1,1,2,2,1,2, ,2, ,2,2,1,21,3,2,1,6,7.60869565217391,1.82115090909772
200459,2,17,2,S,1,1, ,1,1,2,2,2,2,2, ,2, ,1,2,1,99,6,1,1,9,2,.478702524677115
200461,2,24,3,S,2,2, ,2,2, , , , ,2, ,2, ,3,2,1,70,3,2,2,6,4.1304347826087,.988624779224477
200467,2,53,4,S,1,2, ,2,2,1,1,2,2,2, ,2, ,3,2,1,52,3,2,1,1,10.3913043478261,2.48717181299632
200478,2,4,4,S,1,1, ,1,1,2,2,2,2,2, ,2, ,1,2,2,76,4,2,1,99,2.21739130434783,.530735407794193
200479,2,12,3,S,1,1, ,1,1,2,2,2,2,2, ,2, ,3,2,1,79,2,2,1,9,4,.95740504935423
200490,2,6,4,S,1,2, ,2,2,2,2,1,2,2, ,2, ,3,2,2,80,3,2,1,99,3,.718053787015673
200495,2,6,4,S,1,1, ,1,1,1,1,1,1,1,5,1,4,1,2,1,20,3,2,1,3,5.69565217391304,1.36326153766744
200499,2,53,4,S,1,1, ,1,1,2,2,2,2,2, ,2, ,1,2,1,23,5,2,1,2,9.1304347826087,2.18538109091727
200504,2,1,3,U,1,1, ,1,1,2,1,2,2,2, ,2, ,3,1,2,41,6,2,1,9,3.82608695652174,.915778742860568
200508,2,41,4,R,1,1, ,1,1,2,2,2,2,2, ,2, ,3,2,1,26,6,2,1,3,3.30434782608696,.790899823379582
200518,2,48,3,U,1,2, ,1,1,2,2,2,2,2, ,2, ,3,2,1,63,6,2,1,9,3.21739130434783,.77008667013275
200525,2,6,4,U,1,1, ,1,1,1,2,1,2,1,2,1,2,2,2,1,18,3,1,1,3,8.21739130434783,1.96684298182554
200526,2,34,1,S,1,1, ,1,1,1,2,2,2,2, ,2, ,1,2,1,52,4,1,1,6,8.60869565217391,2.06050217143628
200527,2,55,2,R,1,1, ,1,1,1,1,1,1,1,1,1,1,3,2,2,19,3,2,1,1,7.56521739130435,1.81074433247431
200551,2,41,4,S,1,2, ,2,2,2,2,2,2,2, ,2, ,1,2,1,62,3,2,1,7,5.47826086956522,1.31122865455036
200553,2,6,4,U,1,1, ,1,1,1,2,2,2,2, ,2, ,1,2,1,31,8,2,4,5,5.34782608695652,1.28000892468011
200554,2,6,4,U,1,1, ,1,1,2,2,2,2,2, ,2, ,3,1,2,40,3,2,1,6,10.3913043478261,2.48717181299632
200565,2,6,4,U,1,1, ,1,1,1,2,1,2,1,3,1,3,3,2,2,18,3,2,3,3,10.3913043478261,2.48717181299632
200573,2,36,1,S,1,2, ,1,1,1,1,2,1,2, ,1,6,1,2,2,25,6,2,1,5,4.39130434782609,1.05106423896497
200575,2,36,1,U,1,1, ,1,1,1,1,2,2,2, ,1,1,2,2,1,22,4,2,3,7,8.26086956521739,1.97724955844895
200579,2,36,1,S,2,2, ,2,2, , , , ,2, ,2, ,3,2,2,91,3,2,1,3,2.82608695652174,.676427480522011
200580,2,9,1,S,1,1, ,1,1,2,2,2,2,2, ,2, ,1,2,1,35,3,2,1,6,10.3913043478261,2.48717181299632
200592,2,6,4,S,1,1, ,2,2,2,2,2,2,2, ,2, ,2,1,2,50,4,2,5,7,7.34782608695652,1.75871144935723
200593,2,6,4,U,2,2, ,8,2, , , , ,2, ,2, ,3,2,2,72,3,1,1,2,4,.95740504935423
200608,2,48,3,R,1,1, ,8,2,2,2,2,2,2, ,2, ,1,2,1,54,3,2,1,7,5,1.19675631169279
200620,2,6,4,S,1,2, ,2,2,2,1,2,1,2, ,2, ,3,2,1,71,4,2,1,7,1.8695652173913,.447482794806869
200621,2,53,4,U,1,1, ,1,1,1,2,2,2,1,6,2, ,2,2,2,99,8,2,5,99,2.04347826086957,.489109101300531
200623,2,6,4,S,1,1, ,1,1,2,2,2,2,2, ,2, ,1,2,1,71,8,2,1,99,2.69565217391304,.645207750651764
200634,2,4,4,S,2,2, ,2,2, , , , ,2, ,2, ,3,2,2,65,2,2,1,4,4.56521739130435,1.09269054545863
200641,2,4,4,U,1,1, ,1,1,1,1,1,1,2, ,2, ,1,1,1,57,6,1,1,7,2.43478260869565,.582768290911271
200645,2,29,2,S,1,1, ,2,2,2,2,2,2,2, ,2, ,1,2,1,70,8,2,1,3,1,.239351262338558
200651,2,17,2,S,2,2, ,2,2, , , , ,2, ,2, ,2,2,1,76,3,2,1,3,3.43478260869565,.822119553249828
200667,2,29,2,S,1,1, ,1,1,1,1,2,1,2, ,2, ,1,1,1,28,8,2,1,6,4.52173913043478,1.08228396883522
200679,2,17,2,S,1,1, ,1,1,1,2,2,2,1,4,2, ,2,1,2,45,3,2,1,4,6.30434782608696,1.50895361039525
200683,2,27,2,S,1,1, ,1,1,1,1,1,1,1,1,1,1,1,2,1,25,4,2,2,6,5.47826086956522,1.31122865455036
200723,2,1,3,S,1,2, ,2,2,1,2,2,2,2, ,2, ,1,2,2,49,5,2,1,6,8.56521739130435,2.05009559481286
200743,2,53,4,S,1,1, ,1,1,1,1,1,1,2, ,1,4,1,2,2,37,8,2,1,8,4.30434782608696,1.03025108571814
200744,2,41,4,S,1,1, ,1,1,1,1,1,1,1,2,1,2,2,2,1,19,3,2,1,8,6.39130434782609,1.52976676364209
200751,2,55,2,S,1,1, ,1,1,2,2,2,2,2, ,2, ,3,2,2,81,6,2,1,2,1.73913043478261,.416263064936622
200756,2,22,3,R,1,1, ,1,1,1,1,2,1,2, ,1,5,3,2,2,21,3,2,1,7,8.1304347826087,1.94602982857871
200760,2,1,3,S,1,1, ,1,1,1,1,2,1,2, ,1,4,1,2,2,32,8,2,1,6,4.26086956521739,1.01984450909472
200761,2,6,4,U,1,2, ,2,2,2,2,2,2,2, ,2, ,1,2,1,64,5,2,2,5,1.26086956521739,.301790722079051
200779,2,17,2,U,1,1, ,1,1,1,1,1,1,1,6,2, ,1,1,2,21,2,2,1,2,9.21739130434783,2.2061942441641
200780,2,55,2,S,2,2, ,2,2, , , , ,2, ,2, ,3,2,1,70,2,2,1,2,4.17391304347826,.999031355847893
200797,2,6,4,U,1,2, ,2,2,2,2,2,2,2, ,2, ,3,1,2,57,4,2,1,4,2.8695652173913,.686834057145426
200804,2,6,4,S,1,1, ,1,1,2,2,2,2,2, ,2, ,1,1,1,48,6,1,1,99,6.1304347826087,1.46732730390159
200841,2,41,4,S,1,1, ,1,1,1,1,2,1,1,4,1,4,2,2,1,21,4,2,1,1,5.56521739130435,1.33204180779719
200847,2,4,4,S,2,2, ,2,2, , , , ,2, ,8, ,3,2,2,52,3,2,1,2,9.30434782608696,2.22700739741093
200855,2,49,4,S,1,1, ,1,1,1,1,2,1,2, ,2, ,1,1,1,41,8,2,1,7,3.95652173913043,.946998472730815
200856,2,6,4,U,1,1, ,2,2,2,2,2,2,2, ,2, ,1,2,1,29,6,2,3,9,5.34782608695652,1.28000892468011
200861,2,6,4,R,2,2, ,2,2, , , , ,2, ,2, ,3,2,2,55,3,2,1,6,3.43478260869565,.822119553249828
200868,2,53,4,S,1,1, ,1,1,2,2,2,2,2, ,2, ,3,2,2,69,4,2,1,7,2.04347826086957,.489109101300531
200871,2,6,4,S,1,1, ,1,1,1,2,2,2,2, ,2, ,1,1,2,35,6,2,1,8,4.30434782608696,1.03025108571814
200875,2,6,4,S,1,1, ,1,1,2,2,2,2,2, ,1,1,3,2,2,55,5,2,1,8,2.52173913043478,.603581444158102
200885,2,8,4,U,1,1, ,1,1,1,1,2,2,2, ,2, ,1,2,2,63,4,2,1,4,3.73913043478261,.894965589613737
200889,2,6,4,S,1,2, ,2,2,2,1,2,1,1,6,2, ,3,1,2,50,3,1,6,2,10.3913043478261,2.48717181299632
200904,2,21,3,U,1,2, ,1,1,2,1,2,2,2, ,2, ,3,2,2,28,6,2,3,7,3.91304347826087,.936591896107399
200912,2,6,4,S,1,1, ,1,1,1,2,1,2,2, ,2, ,1,1,1,41,8,2,2,7,3.65217391304348,.874152436366906
200933,2,6,4,S,1,1, ,1,1,1,1,1,2,1,4,1,1,1,1,2,29,4,2,4,4,10.3913043478261,2.48717181299632
200935,2,6,4,S,1,2, ,2,2,2,2,2,2,2, ,2, ,1,1,1,56,8,1,1,5,2.95652173913044,.707647210392257
200938,2,41,4,S,1,1, ,1,1,2,1,2,2,2, ,2, ,1,1,1,41,4,2,1,7,4.60869565217391,1.10309712208205
200943,2,6,4,U,1,1, ,1,1,1,1,2,2,2, ,2, ,1,1,1,48,8,2,3,9,5.52173913043478,1.32163523117377
200945,2,41,4,S,1,2, ,2,2,1,2,2,2,2, ,2, ,1,2,1,45,3,2,1,6,8.30434782608696,1.98765613507237
200950,2,42,1,S,1,1, ,1,1,1,2,1,2,2, ,2, ,1,2,1,27,8,2,4,7,4.1304347826087,.988624779224477
200958,2,12,3,R,1,1, ,2,2,2,1,2,2,1,5,2, ,3,2,2,75,3,2,1,3,2.65217391304348,.634801174028348
200982,2,37,3,S,1,2, ,2,2,2,2,2,2,2, ,2, ,3,1,2,62,6,2,2,99,1.78260869565217,.426669641560037
200993,2,26,2,S,1,1, ,2,2,1,1,2,1,2, ,1,6,2,2,1,50,3,2,1,5,5.65217391304348,1.35285496104402
200999,2,18,2,U,2,2, ,2,2, , , , ,2, ,2, ,1,1,1,39,3,2,1,3,10.3913043478261,2.48717181299632
201002,2,24,3,S,1,1, ,1,1,2,1,2,2,2, ,2, ,1,1,2,33,4,2,1,6,10.3913043478261,2.48717181299632
201007,2,37,3,U,1,2, ,2,2,2,2,2,2,2, ,2, ,2,2,1,64,4,2,1,5,2.91304347826087,.697240633768842
201030,2,12,3,U,1,1, ,1,1,2,2,2,2,2, ,2, ,1,2,1,50,5,2,1,7,7.73913043478261,1.85237063896797
201031,2,13,3,R,1,2, ,2,2,2,2,2,2,2, ,2, ,3,1,1,65,1,2,1,4,3,.718053787015673
201040,2,12,3,S,1,1, ,1,1,2,2,2,2,2, ,2, ,3,2,1,52,6,2,2,1,4.17391304347826,.999031355847893
201044,2,51,3,S,1,1, ,1,1,2,2,2,2,2, ,2, ,1,1,1,37,8,2,1,8,3.39130434782609,.811712976626413
201045,2,26,2,U,2,2, ,2,2, , , , ,2, ,2, ,3,2,1,49,4,1,1,1,9.73913043478261,2.33107316364508
201046,2,25,1,S,1,1, ,1,1,2,2,2,1,2, ,2, ,3,2,1,20,4,1,1,9,7.65217391304348,1.83155748572114
201059,2,42,1,R,2,2, ,2,2, , , , ,2, ,2, ,3,2,2,79,3,2,1,99,3.65217391304348,.874152436366906
201062,2,51,3,S,1,1, ,2,2,1,1,2,2,2, ,2, ,2,2,2,76,8,2,3,9,1.91304347826087,.457889371430284
201065,2,6,4,U,1,1, ,1,1,1,1,1,1,2, ,2, ,2,2,1,34,6,2,1,5,5.26086956521739,1.25919577143328
201067,2,54,3,S,1,1, ,1,1,1,1,1,2,2, ,2, ,1,2,2,53,8,2,1,7,4,.95740504935423
201075,2,51,3,S,1,1, ,1,1,2,1,2,1,2, ,2, ,1,1,2,46,4,2,1,6,4.34782608695652,1.04065766234155
201078,2,18,2,S,1,1, ,1,1,2,2,2,1,2, ,2, ,1,2,1,59,6,2,1,7,1.8695652173913,.447482794806869
201087,2,26,2,U,2,2, ,2,2, , , , ,2, ,2, ,3,2,1,56,5,2,1,4,4,.95740504935423
201101,2,18,2,S,2,2, ,2,2, , , , ,2, ,2, ,3,2,2,59,6,2,1,6,1.34782608695652,.322603875325882
201103,2,24,3,S,1,2, ,2,2,1,2,1,2,2, ,2, ,3,2,1,58,3,2,1,8,7.08695652173913,1.69627198961673
201114,2,51,3,U,2,2, ,2,2, , , , ,2, ,2, ,3,2,1,70,3,2,1,99,7.1304347826087,1.70667856624015
201138,2,44,1,S,1,2, ,2,2,1,1,1,1,2, ,2, ,2,2,2,23,4,2,1,6,10.3913043478261,2.48717181299632
201145,2,37,3,S,1,1, ,1,1,1,2,2,2,2, ,2, ,1,1,1,28,4,2,1,4,7.69565217391304,1.84196406234455
201147,2,51,3,S,1,1, ,1,1,2,2,2,2,2, ,2, ,1,1,1,33,3,1,6,5,9.78260869565217,2.3414797402685
201154,2,47,3,U,1,2, ,2,2,2,2,2,2,2, ,2, ,3,2,2,67,3,2,1,3,4.43478260869565,1.06147081558839
201171,2,29,2,R,1,1, ,1,1,1,1,1,1,2, ,2, ,3,2,1,60,4,2,1,8,3,.718053787015673
201184,2,38,2,U,2,2, ,2,2, , , , ,2, ,2, ,3,2,1,54,4,2,2,2,4.52173913043478,1.08228396883522
201185,2,36,1,S,1,1, ,1,1,1,1,1,1,1,5,2, ,3,2,1,21,4,2,1,9,7.04347826086957,1.68586541299332
201199,2,38,2,R,2,2, ,2,2, , , , ,2, ,8, ,3,2,1,54,3,2,1,1,6.91304347826087,1.65464568312307
201229,2,36,1,S,2,2, ,8,2, , , , ,2, ,2, ,1,2,2,43,6,2,1,4,7.60869565217391,1.82115090909772
201239,2,42,1,U,1,2, ,2,2,2,2,2,2,2, ,2, ,2,2,1,69,3,2,1,3,6.34782608695652,1.51936018701867
201241,2,27,2,S,1,1, ,2,2,2,2,2,2,2, ,2, ,3,2,2,85,4,2,1,6,1.04347826086957,.249757838961973
201251,2,23,1,U,1,1, ,1,1,1,1,2,2,2, ,2, ,3,1,2,31,3,2,1,1,10.3913043478261,2.48717181299632
201256,2,54,3,R,2,2, ,2,2, , , , ,2, ,2, ,3,2,1,74,4,2,1,6,1.69565217391304,.405856488313206
201261,2,48,3,U,1,2, ,2,2,2,2,2,2,2, ,2, ,3,2,2,94,3,2,1,6,2.65217391304348,.634801174028348
201276,2,48,3,U,1,1, ,1,1,1,1,2,1,2, ,1,3,1,1,2,45,8,1,1,8,5.91304347826087,1.41529442078451
201284,2,39,2,S,1,2, ,2,2,1,1,2,2,2, ,2, ,3,1,2,36,4,2,1,2,9.52173913043478,2.279040280528
201301,2,48,3,U,1,1, ,2,2,1,2,2,2,8, ,8, ,1,2,1,69,7,2,1,4,2.39130434782609,.572361714287855
201307,2,12,3,S,2,1, ,1,1,1,2,1,1,2, ,2, ,1,1,1,26,3,1,1,7,9.78260869565217,2.3414797402685
201314,2,17,2,U,1,1, ,1,1,2,1,1,1,1,5,1,2,3,2,1,20,4,2,2,6,5.1304347826087,1.22797604156303
201316,2,48,3,S,1,1, ,1,1,2,2,2,2,2, ,2, ,1,1,2,45,8,2,2,8,3.17391304347826,.759680093509335
201324,2,16,4,U,1,1, ,1,1,2,2,2,1,2, ,2, ,1,1,1,40,5,2,1,8,9.08695652173913,2.17497451429385
201338,2,48,3,U,2,1, ,1,1,1,1,2,2,2, ,1,6,1,2,1,35,6,2,1,3,4.26086956521739,1.01984450909472
201341,2,51,3,S,1,2, ,2,2,1,2,2,2,2, ,2, ,1,2,1,97,8,2,1,5,2,.478702524677115
201358,2,16,4,R,1,2, ,2,2,2,2,2,2,2, ,2, ,1,1,1,46,5,2,1,8,6.47826086956522,1.55057991688892
201359,2,8,4,S,1,1, ,1,1,2,2,2,2,2, ,2, ,3,2,1,79,8,2,1,99,1.39130434782609,.333010451949298
201366,2,17,2,S,1,1, ,1,1,1,1,2,1,2, ,2, ,1,2,2,30,4,2,1,4,9.73913043478261,2.33107316364508
201377,2,17,2,U,1,1, ,1,1,1,1,1,1,2, ,1,4,2,2,1,45,6,2,2,6,2.52173913043478,.603581444158102
201380,2,36,1,S,2,1, ,2,2,2,2,2,2,2, ,2, ,3,2,2,56,4,2,1,8,3.56521739130435,.853339283120075
201387,2,28,3,S,1,1, ,1,1,2,2,2,2,2, ,2, ,2,1,2,37,5,2,2,2,6.26086956521739,1.49854703377184
201397,2,8,4,R,2,2, ,2,2, , , , ,2, ,2, ,3,2,1,66,6,2,1,6,1,.239351262338558
201400,2,48,3,U,1,2, ,1,1,2,2,2,2,2, ,2, ,1,1,2,50,6,2,2,2,4,.95740504935423
201410,2,1,3,S,1,1, ,2,2,2,2,2,2,2, ,2, ,3,1,2,37,3,2,1,1,10.3913043478261,2.48717181299632
201436,2,55,2,U,1,1, ,1,1,1,2,2,2,2, ,2, ,1,1,2,43,6,2,1,6,6.86956521739131,1.64423910649966
201446,2,1,3,U,1,1, ,1,1,1,1,1,1,2, ,2, ,1,2,2,25,7,2,1,6,5.69565217391304,1.36326153766744
201462,2,45,3,S,1,1, ,1,1,1,1,1,1,2, ,2, ,2,2,2,21,6,2,1,8,5.21739130434783,1.24878919480987
201464,2,53,4,S,1,2, ,1,1,2,2,2,2,2, ,2, ,1,2,1,54,4,2,1,4,7.91304347826087,1.89399694546163
201469,2,6,4,S,1,1, ,1,1,1,1,2,1,2, ,2, ,3,1,1,31,4,2,2,7,5.78260869565217,1.38407469091427
201477,2,17,2,S,1,1, ,1,1,2,2,2,2,2, ,2, ,3,1,1,62,4,2,1,99,4,.95740504935423
201479,2,42,1,R,2,2, ,2,2, , , , ,2, ,2, ,3,2,2,69,5,2,1,4,3,.718053787015673
201485,2,4,4,S,1,1, ,2,2,2,2,2,2,2, ,2, ,1,2,1,47,3,2,1,7,6.78260869565217,1.62342595325283
201499,2,41,4,U,1,1, ,1,1,1,1,2,1,1,2,1,1,3,2,2,21,4,1,6,99,10.3913043478261,2.48717181299632
201501,2,35,4,R,1,1, ,2,2,1,2,2,2,2, ,2, ,3,2,2,67,3,2,1,2,3,.718053787015673
201502,2,12,3,U,1,1, ,1,1,2,2,2,2,2, ,2, ,1,2,2,59,4,2,1,6,1.30434782608696,.312197298702466
201504,2,4,4,U,1,1, ,1,1,2,2,2,2,2, ,2, ,1,1,1,46,8,2,1,9,2.78260869565217,.666020903898595
201519,2,12,3,S,1,2, ,2,2,2,2,2,2,2, ,2, ,1,2,1,45,6,2,1,8,3.1304347826087,.749273516885919
201521,2,21,3,S,1,1, ,1,1,1,2,2,2,2, ,2, ,1,1,1,27,4,2,1,2,5.78260869565217,1.38407469091427
201525,2,49,4,S,1,1, ,1,1,2,2,2,1,2, ,2, ,1,2,1,56,5,2,1,5,2.43478260869565,.582768290911271
201555,2,49,4,S,1,1, ,1,1,1,2,1,2,2, ,2, ,1,1,1,42,6,2,1,8,4.78260869565217,1.14472342857571
201556,2,30,4,R,2,2, ,1,1, , , , ,1,5,2, ,1,2,1,59,5,2,1,2,3.65217391304348,.874152436366906
201595,2,46,2,R,2,1, ,2,2,2,2,2,2,2, ,2, ,1,1,2,26,3,2,1,1,7.56521739130435,1.81074433247431
201605,2,21,3,U,1,1, ,2,2,2,2,2,2,2, ,2, ,1,2,1,19,4,2,1,1,5.56521739130435,1.33204180779719
201614,2,53,4,R,1,2, ,2,2,2,1,2,2,2, ,1,6,3,1,2,46,4,2,1,4,7.21739130434783,1.72749171948698
201622,2,6,4,U,1,1, ,1,1,1,1,2,1,2, ,1,5,2,2,1,24,4,1,1,3,10.0434782608696,2.40391920000899
201627,2,6,4,U,2,1, ,1,1,2,2,2,2,2, ,2, ,2,2,1,18,3,1,3,1,6.34782608695652,1.51936018701867
201635,2,29,2,R,2,2, ,1,1, , , , ,2, ,1,6,3,2,1,26,6,2,1,4,2.73913043478261,.655614327275179
201653,2,6,4,U,1,1, ,1,1,2,2,2,2,2, ,2, ,9,2,1,72,5,2,1,8,1.56521739130435,.37463675844296
201666,2,5,3,R,2,2, ,1,1, , , , ,2, ,2, ,3,1,1,65,3,2,1,8,4,.95740504935423
201671,2,17,2,S,1,1, ,1,1,2,2,2,2,2, ,2, ,1,2,1,26,4,2,1,5,7.17391304347826,1.71708514286357
201672,2,48,3,S,1,1, ,1,1,2,2,2,2,2, ,2, ,3,2,2,55,6,2,1,7,2.1304347826087,.509922254547362
201678,2,22,3,R,2,2, ,2,2, , , , ,2, ,2, ,3,2,2,67,2,2,2,1,4.39130434782609,1.05106423896497
201681,2,48,3,R,1,1, ,1,1,1,1,1,1,2, ,2, ,3,1,1,36,5,2,1,2,8.1304347826087,1.94602982857871
201685,2,22,3,U,1,1, ,1,1,1,1,1,1,2, ,2, ,3,1,2,25,5,2,3,2,10.3913043478261,2.48717181299632
201688,2,17,2,U,1,1, ,1,1,1,1,1,1,2, ,1,4,1,1,1,42,4,2,2,6,3.8695652173913,.926185319483984
201690,2,55,2,S,1,2, ,1,1,2,2,2,2,2, ,2, ,1,2,2,58,4,2,1,7,1.91304347826087,.457889371430284
201692,2,6,4,U,1,1, ,1,1,2,2,2,2,2, ,2, ,2,2,1,58,6,2,1,9,2.34782608695652,.56195513766444
201721,2,28,3,R,1,1, ,2,2,1,2,2,2,2, ,2, ,2,2,2,78,8,2,4,5,1.91304347826087,.457889371430284
201725,2,6,4,U,1,2, ,2,2,2,2,2,2,2, ,2, ,1,2,2,50,8,2,1,6,5.52173913043478,1.32163523117377
201727,2,48,3,U,1,1, ,1,1,1,1,1,1,1,4,1,2,1,1,2,43,6,2,4,6,7.56521739130435,1.81074433247431
201759,2,19,2,R,1,1, ,2,2,2,2,2,2,2, ,2, ,1,2,1,24,3,2,1,3,4.73913043478261,1.13431685195229
201771,2,18,2,R,1,2, ,2,2,2,2,2,2,2, ,2, ,1,2,2,53,4,2,1,6,6,1.43610757403135
201777,2,40,3,U,2,2, ,2,2, , , , ,1,1,2, ,1,1,1,47,8,2,9,1,5,1.19675631169279
201785,2,40,3,U,1,1, ,2,2,1,1,1,1,1,3,2, ,1,1,1,31,5,2,2,7,5.43478260869565,1.30082207792694
201791,2,40,3,U,1,1, ,1,1,2,2,2,2,2, ,2, ,3,2,1,62,6,2,1,99,2.17391304347826,.520328831170777
201792,2,5,3,S,1,2, ,2,2,2,2,2,2,2, ,2, ,3,2,1,64,7,2,1,7,1.08695652173913,.260164415585389
201796,2,47,3,R,1,2, ,2,2,2,2,2,2,2, ,2, ,3,2,1,66,4,2,1,6,1.69565217391304,.405856488313206
201809,2,21,3,R,1,1, ,1,1,2,2,2,2,2, ,2, ,1,1,2,41,8,2,1,99,3.1304347826087,.749273516885919
201814,2,5,3,R,1,2, ,2,2,2,1,2,2,2, ,2, ,3,2,2,60,6,2,1,2,1.60869565217391,.385043335066375
201828,2,17,2,U,2,2, ,2,2, , , , ,2, ,2, ,1,2,1,61,3,2,1,6,6.56521739130435,1.57139307013575
201830,2,55,2,U,2,2, ,8,2, , , , ,2, ,2, ,2,2,1,72,3,2,1,6,5.56521739130435,1.33204180779719
201831,2,20,2,S,1,2, ,2,2,2,2,2,2,2, ,2, ,3,2,1,60,5,2,1,6,3,.718053787015673
201836,2,48,3,U,1,1, ,1,1,2,2,2,2,2, ,2, ,2,2,1,28,4,2,2,1,7.95652173913044,1.90440352208505
201847,2,47,3,U,1,1, ,1,1,1,1,1,1,1,6,1,9,1,2,1,42,6,2,1,99,5.26086956521739,1.25919577143328
201852,2,22,3,S,2,2, ,2,2, , , , ,2, ,2, ,3,2,2,76,3,2,2,1,4.39130434782609,1.05106423896497
201853,2,17,2,S,1,1, ,1,1,2,1,2,1,2, ,2, ,1,2,2,31,6,2,1,8,4.21739130434783,1.00943793247131
201857,2,29,2,R,1,1, ,1,1,1,1,1,1,1,3,1,5,1,2,2,21,3,2,1,2,7.56521739130435,1.81074433247431
201859,2,48,3,S,1,1, ,1,1,1,1,2,2,2, ,1,3,1,1,2,29,3,2,2,2,10.3913043478261,2.48717181299632
201865,2,1,3,S,2,1, ,2,2,2,2,2,2,2, ,2, ,1,1,1,61,2,2,1,4,5.17391304347826,1.23838261818645
201868,2,48,3,S,1,1, ,8,2,1,2,1,2,2, ,2, ,3,2,2,81,4,2,1,4,3.47826086956522,.832526129873244
201888,2,6,4,S,2,1, ,2,2,2,2,2,2,2, ,2, ,3,2,2,70,3,2,1,3,5.91304347826087,1.41529442078451
201913,2,20,2,R,2,2, ,2,2, , , , ,2, ,2, ,2,2,2,81,4,2,1,6,1.39130434782609,.333010451949298
201927,2,17,2,U,1,1, ,1,1,2,2,1,1,2, ,2, ,1,2,1,31,8,1,1,6,5.91304347826087,1.41529442078451
201936,2,38,2,U,1,1, ,2,2,1,2,2,2,2, ,2, ,1,2,1,60,7,2,1,9,1.21739130434783,.291384145455635
201937,2,1,3,R,1,1, ,1,1,2,1,2,1,2, ,2, ,1,1,1,35,6,2,4,4,4.34782608695652,1.04065766234155
201941,2,48,3,R,1,1, ,1,1,1,1,1,1,2, ,1,2,1,2,1,24,5,2,1,7,4.95652173913043,1.18634973506937
201950,2,40,3,S,1,1, ,1,1,2,2,2,2,2, ,2, ,1,1,1,44,6,2,1,99,3.52173913043478,.842932706496659
201957,2,6,4,U,1,1, ,1,1,1,1,2,1,2, ,2, ,1,2,1,31,6,2,1,8,3.30434782608696,.790899823379582
201996,2,53,4,U,1,1, ,1,1,1,1,1,1,2, ,1,3,1,2,2,39,4,2,1,5,6.47826086956522,1.55057991688892
202002,2,30,4,R,1,1, ,1,1,2,2,2,2,2, ,2, ,1,2,2,61,5,2,1,4,2.82608695652174,.676427480522011
202012,2,36,1,U,1,1, ,1,1,1,1,1,1,2, ,1,1,1,2,1,37,3,1,1,7,10.3913043478261,2.48717181299632
202018,2,51,3,U,1,2, ,2,2,2,2,2,2,2, ,2, ,3,1,1,61,3,2,1,3,6.17391304347826,1.47773388052501
202024,2,34,1,S,1,1, ,1,1,1,2,2,1,2, ,2, ,3,2,2,58,6,2,1,5,1.47826086956522,.353823605196129
202029,2,36,1,S,1,1, ,1,1,1,1,2,2,1,5,2, ,1,2,1,22,4,2,1,3,6.21739130434783,1.48814045714842
202032,2,24,3,U,1,1, ,2,2,2,1,1,1,2, ,2, ,1,1,2,50,6,2,1,5,3.82608695652174,.915778742860568
202047,2,34,1,S,1,1, ,1,1,2,2,2,2,2, ,2, ,1,2,1,44,5,2,2,7,8.30434782608696,1.98765613507237
202055,2,24,3,S,1,1, ,1,1,1,2,1,2,2, ,1,4,1,1,1,29,3,2,1,5,7.91304347826087,1.89399694546163
202057,2,36,1,U,1,1, ,1,1,1,1,1,1,2, ,1,2,1,2,1,27,6,2,1,6,4.82608695652174,1.15513000519913
202059,2,12,3,U,1,2, ,2,2,2,2,2,2,2, ,2, ,3,2,2,60,6,2,9,2,1.78260869565217,.426669641560037
202077,2,25,1,S,1,1, ,1,1,1,1,2,2,2, ,2, ,1,2,1,62,5,2,1,3,3.43478260869565,.822119553249828
202080,2,36,1,U,1,1, ,2,2,2,2,2,2,2, ,2, ,3,2,2,62,4,2,1,1,4.08695652173913,.978218202601061
202084,2,13,3,R,1,2, ,2,2,2,2,2,2,2, ,2, ,1,2,1,70,5,2,1,5,2.52173913043478,.603581444158102
202098,2,21,3,R,1,2, ,2,2,2,2,2,2,2, ,2, ,3,2,1,64,3,2,1,6,3.91304347826087,.936591896107399
202101,2,9,1,R,2,2, ,2,2, , , , ,2, ,2, ,1,2,1,58,2,2,1,6,3.34782608695652,.801306400002997
202106,2,12,3,S,1,1, ,1,1,1,1,2,1,2, ,2, ,1,2,1,71,3,2,1,4,3.69565217391304,.884559012990321
202116,2,37,3,S,1,2, ,2,2,1,1,2,1,2, ,2, ,1,2,2,57,4,2,1,6,2.52173913043478,.603581444158102
202120,2,12,3,S,1,1, ,1,1,1,2,2,2,2, ,2, ,1,2,1,27,7,2,1,5,3.95652173913043,.946998472730815
202135,2,39,2,S,1,1, ,1,1,1,2,2,2,2, ,2, ,1,1,1,49,5,2,2,5,2.30434782608696,.551548561041024
202143,2,39,2,S,1,2, ,2,2,2,2,2,2,2, ,2, ,3,1,1,66,5,2,1,2,2.08695652173913,.499515677923946
202144,2,45,3,S,1,1, ,2,2,2,2,2,2,2, ,2, ,3,2,1,66,4,2,1,6,2.26086956521739,.541141984417608
202170,2,36,1,U,1,1, ,1,1,1,1,1,1,2, ,1,1,1,2,2,20,3,1,4,3,10.3913043478261,2.48717181299632
202179,2,6,4,S,1,2, ,1,1,2,2,2,2,2, ,2, ,3,2,2,64,5,2,1,8,3,.718053787015673
202192,2,12,3,S,1,1, ,1,1,2,1,2,1,2, ,2, ,1,1,1,45,4,1,6,99,8.65217391304348,2.07090874805969
202193,2,51,3,S,1,1, ,1,1,1,2,2,1,2, ,2, ,1,1,1,34,3,2,2,8,6.60869565217391,1.58179964675916
202219,2,45,3,R,1,1, ,1,1,1,2,1,2,2, ,1,6,3,1,2,25,4,2,2,1,6.56521739130435,1.57139307013575
202220,2,44,1,S,1,1, ,1,1,1,1,1,1,2, ,1,5,3,2,2,49,6,2,1,1,4.04347826086957,.967811625977646
202228,2,26,2,R,1,1, ,1,1,2,2,2,2,2, ,2, ,2,1,2,45,6,2,9,99,2.21739130434783,.530735407794193
202229,2,11,3,U,1,1, ,1,1,1,1,2,1,2, ,1,6,1,1,2,38,8,1,1,9,10.0434782608696,2.40391920000899
202237,2,25,1,U,1,1, ,1,1,1,1,1,1,2, ,2, ,1,2,1,30,6,2,1,9,4.82608695652174,1.15513000519913
202238,2,36,1,U,1,1, ,1,1,1,1,2,1,2, ,1,1,3,2,2,26,6,2,1,7,6.95652173913044,1.66505225974649
202242,2,13,3,U,1,1, ,1,1,2,2,2,2,2, ,2, ,1,2,2,49,6,2,2,6,2.04347826086957,.489109101300531
202253,2,36,1,U,1,1, ,1,1,2,2,2,2,2, ,2, ,3,2,1,26,3,1,6,99,10.3913043478261,2.48717181299632
202261,2,37,3,R,1,2, ,2,2,2,2,2,2,2, ,2, ,1,2,1,53,3,2,2,3,5.56521739130435,1.33204180779719
202266,2,9,1,S,1,1, ,1,1,2,2,2,2,2, ,2, ,1,1,1,50,8,2,1,9,3.43478260869565,.822119553249828
202268,2,42,1,S,1,1, ,1,1,2,2,2,2,2, ,2, ,1,2,1,57,6,2,1,9,2.21739130434783,.530735407794193
202269,2,34,1,S,2,2, ,2,2, , , , ,2, ,2, ,1,2,1,64,6,2,9,99,5.52173913043478,1.32163523117377
202276,2,45,3,R,2,2, ,2,2, , , , ,2, ,2, ,3,2,1,56,3,2,2,2,4.8695652173913,1.16553658182254
202283,2,49,4,S,1,1, ,1,1,1,1,1,2,2, ,1,1,3,2,2,23,6,2,3,3,8,1.91481009870846
202289,2,26,2,R,1,1, ,1,1,1,2,2,2,2, ,2, ,1,1,1,41,6,2,1,4,2,.478702524677115
202299,2,18,2,S,1,1, ,1,1,2,1,1,1,2, ,2, ,1,2,1,36,3,2,1,5,9.65217391304348,2.31026001039825
202302,2,12,3,S,1,1, ,1,1,1,2,2,2,2, ,1,3,3,2,2,58,5,1,6,5,4.69565217391304,1.12391027532888
202303,2,12,3,S,1,1, ,1,1,2,2,2,2,1,6,2, ,1,2,1,23,3,1,6,99,8.43478260869565,2.01887586494262
202312,2,39,2,S,1,1, ,1,1,1,1,2,1,2, ,2, ,3,2,1,54,3,2,1,3,6.91304347826087,1.65464568312307
202319,2,21,3,S,1,1, ,1,1,2,2,2,2,2, ,2, ,3,1,1,26,7,2,1,1,3.30434782608696,.790899823379582
202320,2,39,2,S,1,1, ,1,1,1,1,1,1,1,5,2, ,1,2,1,41,6,2,1,6,4.69565217391304,1.12391027532888
202323,2,12,3,U,1,1, ,1,1,2,2,2,2,2, ,2, ,1,2,1,26,3,2,2,3,8.1304347826087,1.94602982857871
202324,2,22,3,S,1,2, ,2,2,1,2,2,2,2, ,2, ,3,2,1,65,4,2,1,5,2.82608695652174,.676427480522011
202332,2,19,2,U,1,2, ,2,2,2,2,2,2,2, ,2, ,3,9,2,59,6,2,1,8,1.65217391304348,.395449911689791
202334,2,49,4,U,1,1, ,1,1,2,2,2,2,2, ,2, ,2,2,2,60,6,2,1,7,2,.478702524677115
202346,2,18,2,S,1,1, ,1,1,1,1,1,1,2, ,2, ,1,2,2,25,4,2,1,99,9.73913043478261,2.33107316364508
202352,2,4,4,S,1,1, ,2,2,2,2,2,2,2, ,2, ,1,2,1,50,3,2,1,8,8.52173913043478,2.03968901818945
202376,2,4,4,U,1,1, ,1,1,1,1,1,1,2, ,1,4,1,1,1,46,5,2,1,6,8.65217391304348,2.07090874805969
202384,2,5,3,S,1,1, ,1,1,2,2,2,2,2, ,2, ,1,1,1,37,8,2,1,9,2.17391304347826,.520328831170777
202385,2,4,4,S,1,1, ,1,1,1,2,2,2,2, ,2, ,3,2,1,75,3,2,1,6,4.1304347826087,.988624779224477
202389,2,6,4,S,2,2, ,8,2, , , , ,2, ,2, ,3,1,2,78,2,1,1,1,4,.95740504935423
202423,2,6,4,U,1,1, ,1,1,1,2,1,2,2, ,1,2,1,2,1,21,3,1,2,1,10.3913043478261,2.48717181299632
202424,2,34,1,S,1,1, ,1,1,2,2,2,2,2, ,2, ,3,2,1,70,6,2,2,8,1,.239351262338558
202439,2,18,2,U,1,1, ,1,1,2,1,1,1,2, ,2, ,1,1,2,22,3,2,4,1,10.3913043478261,2.48717181299632
202442,2,24,3,S,1,1, ,1,1,2,1,2,2,2, ,2, ,1,1,1,45,4,2,2,6,7.95652173913044,1.90440352208505
202453,2,12,3,S,1,1, ,1,1,2,2,2,2,2, ,2, ,1,2,2,50,5,2,2,6,6.56521739130435,1.57139307013575
202466,2,4,4,U,1,1, ,1,1,1,1,1,2,2, ,1,1,1,1,1,29,6,1,6,99,4.60869565217391,1.10309712208205
202472,2,20,2,U,1,1, ,1,1,1,1,1,1,2, ,2, ,3,2,2,21,2,2,3,6,10.2608695652174,2.45595208312607
202473,2,24,3,S,1,1, ,1,1,1,1,2,1,2, ,2, ,1,2,2,52,8,2,1,7,2.47826086956522,.593174867534686
202485,2,51,3,R,1,1, ,1,1,2,2,2,2,2, ,2, ,1,2,1,48,5,2,1,7,6.47826086956522,1.55057991688892
202521,2,37,3,S,1,1, ,1,1,1,1,1,1,2, ,1,1,1,1,1,22,3,2,2,4,5.65217391304348,1.35285496104402
202524,2,12,3,R,1,1, ,1,1,1,1,1,1,2, ,2, ,3,2,2,19,4,1,1,4,10.3913043478261,2.48717181299632
202526,2,36,1,U,1,1, ,1,1,1,1,1,2,2, ,1,4,2,2,1,26,3,2,2,2,6.21739130434783,1.48814045714842
202532,2,25,1,S,1,1, ,1,1,1,1,2,2,2, ,1,6,1,2,1,62,6,2,1,9,2.21739130434783,.530735407794193
202533,2,24,3,S,1,1, ,1,1,2,2,2,2,2, ,2, ,1,2,1,63,8,2,1,9,2.69565217391304,.645207750651764
202547,2,18,2,S,1,1, ,1,1,1,1,2,1,2, ,2, ,2,2,2,61,8,2,1,6,1,.239351262338558
202556,2,55,2,S,1,2, ,2,2,2,2,2,2,2, ,2, ,3,1,1,37,4,2,4,3,7.04347826086957,1.68586541299332
202570,2,19,2,U,1,1, ,1,1,1,2,1,2,2, ,2, ,1,1,2,54,6,2,1,6,4.04347826086957,.967811625977646
202571,2,47,3,R,1,2, ,2,2,2,2,2,2,2, ,2, ,1,2,1,22,3,2,1,5,4.30434782608696,1.03025108571814
202574,2,42,1,S,2,2, ,2,2, , , , ,2, ,2, ,1,2,2,73,3,2,1,99,4.17391304347826,.999031355847893
202578,2,18,2,R,1,1, ,1,1,2,2,2,2,2, ,2, ,3,2,2,58,6,2,1,1,1.47826086956522,.353823605196129
202584,2,12,3,U,1,1, ,1,1,1,2,1,2,2, ,2, ,1,1,2,42,6,1,1,9,7,1.6754588363699
202585,2,33,1,S,1,1, ,1,1,1,1,1,1,2, ,2, ,1,2,1,26,3,2,1,3,7.43478260869565,1.77952460260406
202598,2,41,4,R,1,1, ,1,1,1,2,2,2,2, ,2, ,1,1,1,41,3,2,1,7,8.73913043478261,2.09172190130652
202604,2,31,2,R,1,1, ,1,1,2,1,1,2,2, ,2, ,1,1,2,40,6,2,1,5,2.91304347826087,.697240633768842
202607,2,6,4,S,1,1, ,1,1,2,2,2,2,2, ,2, ,3,2,1,77,5,2,1,6,3.08695652173913,.738866940262504
202609,2,51,3,U,1,1, ,1,1,2,2,2,2,2, ,2, ,1,2,2,59,5,2,1,1,3.95652173913043,.946998472730815
202615,2,17,2,S,1,1, ,1,1,2,2,2,1,2, ,1,5,3,2,1,40,5,9,9,7,7.52173913043478,1.80033775585089
202618,2,34,1,S,1,1, ,1,1,2,2,2,2,2, ,2, ,1,2,1,47,3,2,1,5,8.39130434782609,2.0084692883192
202622,2,48,3,U,1,1, ,1,1,1,2,2,2,2, ,2, ,2,2,1,64,8,2,1,7,1.73913043478261,.416263064936622
202624,2,55,2,U,1,1, ,1,1,1,1,2,1,2, ,2, ,2,2,2,73,8,2,1,8,1.08695652173913,.260164415585389
202630,2,12,3,U,1,1, ,1,1,1,2,2,2,1,1,2, ,1,2,2,31,6,1,1,4,7.04347826086957,1.68586541299332
202636,2,53,4,S,1,1, ,1,1,1,1,2,1,2, ,2, ,2,1,2,40,4,1,1,2,10.3913043478261,2.48717181299632
202647,2,37,3,S,1,1, ,1,1,1,1,1,1,2, ,2, ,1,1,1,35,6,2,1,7,2.8695652173913,.686834057145426
202648,2,12,3,R,1,1, ,1,1,1,1,2,2,2, ,2, ,1,2,2,57,3,2,1,4,1.91304347826087,.457889371430284
202656,2,48,3,U,1,1, ,1,1,1,1,2,1,1,1,1,5,1,2,2,21,3,2,1,2,10.3913043478261,2.48717181299632
202664,2,48,3,R,1,2, ,2,2,2,1,2,1,2, ,2, ,3,2,1,71,8,2,1,8,1,.239351262338558
202669,2,12,3,S,1,1, ,1,1,1,1,2,2,2, ,2, ,1,2,2,52,5,2,1,6,3.60869565217391,.86374585974349
202670,2,17,2,R,1,1, ,2,2,2,2,2,2,2, ,2, ,1,2,1,50,3,2,1,8,4.65217391304348,1.11350369870546
202677,2,12,3,U,1,1, ,2,2,2,2,2,2,2, ,2, ,1,2,2,55,3,2,1,5,3.69565217391304,.884559012990321
202678,2,12,3,S,1,1, ,1,1,2,2,2,2,2, ,1,4,1,1,1,36,8,1,2,7,7.1304347826087,1.70667856624015
202691,2,51,3,U,1,1, ,1,1,2,2,1,2,2, ,2, ,2,2,2,30,8,2,3,1,5.82608695652174,1.39448126753768
202702,2,17,2,U,1,1, ,1,1,1,2,2,2,2, ,2, ,2,2,2,21,4,1,1,3,10.3913043478261,2.48717181299632
202709,2,48,3,S,1,1, ,1,1,2,2,2,2,2, ,2, ,1,2,1,53,3,2,1,8,10.3913043478261,2.48717181299632
202711,2,12,3,S,1,2, ,2,2,2,2,2,2,2, ,2, ,3,2,2,71,5,2,2,4,2.52173913043478,.603581444158102
202714,2,36,1,S,1,1, ,1,1,1,1,2,2,2, ,2, ,2,2,1,27,3,2,2,5,6.78260869565217,1.62342595325283
202722,2,17,2,S,1,1, ,1,1,1,1,1,1,1,2,1,2,2,2,2,99,6,2,9,1,2.43478260869565,.582768290911271
202723,2,6,4,S,1,1, ,1,1,1,2,1,2,2, ,1,5,3,1,2,39,4,1,1,7,10.3913043478261,2.48717181299632
202729,2,21,3,U,1,1, ,2,2,2,2,2,2,2, ,2, ,2,2,2,66,8,2,2,5,1,.239351262338558
202745,2,20,2,S,1,1, ,1,1,1,1,2,1,1,6,1,5,1,1,2,32,6,2,1,7,3.95652173913043,.946998472730815
202752,2,51,3,S,1,1, ,1,1,1,2,1,1,2, ,2, ,1,1,2,48,7,2,1,8,2.95652173913044,.707647210392257
202756,2,44,1,S,1,1, ,2,2,2,2,2,2,2, ,2, ,1,1,2,59,8,2,1,8,1.34782608695652,.322603875325882
202774,2,4,4,U,1,1, ,1,1,1,1,2,2,2, ,2, ,1,2,1,67,6,1,4,1,1.17391304347826,.28097756883222
202775,2,4,4,U,1,1, ,1,1,2,1,2,1,2, ,2, ,1,2,1,37,5,2,1,8,5.60869565217391,1.34244838442061
202788,2,53,4,U,1,1, ,1,1,2,2,2,2,2, ,2, ,1,1,1,50,3,2,1,8,5.73913043478261,1.37366811429085
202793,2,42,1,S,1,1, ,1,1,2,2,2,2,1,4,1,4,1,2,1,30,8,2,1,9,2.52173913043478,.603581444158102
202805,2,17,2,S,2,2, ,2,2, , , , ,2, ,2, ,3,2,2,60,3,2,1,4,5.60869565217391,1.34244838442061
202823,2,6,4,U,1,1, ,1,1,2,2,2,2,2, ,2, ,3,1,1,40,4,2,1,8,4.60869565217391,1.10309712208205
202825,2,37,3,S,1,1, ,1,1,1,1,1,1,1,1,2, ,3,2,1,21,3,2,1,7,6.21739130434783,1.48814045714842
202854,2,36,1,S,1,1, ,1,1,1,8,1,2,2, ,2, ,1,1,2,48,8,1,1,99,5.52173913043478,1.32163523117377
202855,2,42,1,U,1,1, ,1,1,1,2,1,2,2, ,2, ,2,2,2,33,6,2,2,3,5.82608695652174,1.39448126753768
202870,2,36,1,S,1,1, ,1,1,1,2,1,2,2, ,2, ,2,2,1,26,6,2,1,7,4.21739130434783,1.00943793247131
202871,2,48,3,S,1,1, ,1,1,2,2,2,2,2, ,2, ,3,1,1,39,4,1,1,4,6.78260869565217,1.62342595325283
202873,2,42,1,R,2,2, ,8,2, , , , ,2, ,2, ,1,2,2,46,3,2,1,2,8.56521739130435,2.05009559481286
202882,2,21,3,S,1,1, ,1,1,2,1,2,1,2, ,2, ,1,2,1,25,6,2,1,99,3.95652173913043,.946998472730815
202895,2,26,2,S,1,1, ,2,2,1,1,2,2,2, ,2, ,1,1,2,55,5,2,1,3,3.08695652173913,.738866940262504
202899,2,12,3,S,1,1, ,1,1,1,1,1,1,2, ,1,3,3,2,2,64,4,2,1,6,3.04347826086957,.728460363639088
202907,2,22,3,S,1,1, ,1,1,2,2,2,2,2, ,2, ,1,2,1,59,2,2,1,7,7.73913043478261,1.85237063896797
202932,2,55,2,U,1,1, ,1,1,1,1,2,2,2, ,2, ,1,1,2,34,3,2,1,6,6.17391304347826,1.47773388052501
202936,2,36,1,S,1,2, ,2,2,1,2,2,2,2, ,2, ,1,2,2,55,5,2,1,3,3.43478260869565,.822119553249828
202957,2,13,3,R,1,2, ,8,2,2,2,2,2,2, ,2, ,3,2,1,64,4,2,2,4,2.69565217391304,.645207750651764
202977,2,21,3,R,1,2, ,2,2,2,2,2,2,2, ,2, ,3,2,1,42,3,2,1,1,7.82608695652174,1.8731837922148
202981,2,51,3,U,1,1, ,2,2,1,1,1,1,2, ,2, ,1,1,1,31,6,2,1,8,4.69565217391304,1.12391027532888
202995,2,37,3,U,1,1, ,1,1,1,1,1,1,1,4,1,1,1,1,2,32,6,2,4,7,5.30434782608696,1.2696023480567
202998,2,48,3,S,1,1, ,1,1,1,1,1,1,2, ,1,6,1,1,2,32,4,1,1,8,8.73913043478261,2.09172190130652
202999,2,48,3,S,1,1, ,1,1,1,1,2,2,2, ,2, ,1,2,1,60,6,2,1,99,1.60869565217391,.385043335066375
203003,2,39,2,S,2,2, ,2,2, , , , ,8, ,2, ,3,2,2,70,5,2,1,4,2.26086956521739,.541141984417608
203025,2,24,3,S,2,2, ,2,2, , , , ,2, ,2, ,1,2,1,53,3,2,1,4,9.86956521739131,2.36229289351533
203028,2,48,3,S,2,2, ,8,2, , , , ,2, ,2, ,3,2,1,60,2,2,2,2,3.34782608695652,.801306400002997
203031,2,6,4,U,1,1, ,1,1,1,2,2,2,2, ,1,1,1,2,2,28,5,2,3,4,10.3913043478261,2.48717181299632
203032,2,4,4,S,2,2, ,8,2, , , , ,2, ,2, ,2,2,1,19,3,1,2,9,7.73913043478261,1.85237063896797
203033,2,6,4,U,1,1, ,1,1,2,2,2,2,2, ,2, ,3,2,2,99,4,2,2,4,3.73913043478261,.894965589613737
203051,2,48,3,U,1,2, ,2,2,1,2,2,2,2, ,2, ,1,2,1,63,6,2,1,6,2.08695652173913,.499515677923946
203053,2,48,3,U,1,1, ,1,1,1,2,1,2,2, ,2, ,1,2,2,26,6,2,4,4,6.91304347826087,1.65464568312307
203057,2,16,4,R,1,2, ,2,2,1,1,2,1,2, ,2, ,1,2,1,39,6,2,1,7,3.56521739130435,.853339283120075
203073,2,22,3,S,1,1, ,1,1,2,2,2,2,2, ,2, ,1,2,2,51,3,2,1,3,10.3913043478261,2.48717181299632
203078,2,27,2,S,1,1, ,1,1,1,1,1,1,1,4,1,2,3,2,1,22,5,2,2,6,3.95652173913043,.946998472730815
203080,2,48,3,S,1,1, ,1,1,2,2,2,2,2, ,2, ,1,1,1,39,6,2,1,7,3.39130434782609,.811712976626413
203084,2,41,4,R,1,1, ,1,1,2,2,2,2,2, ,2, ,3,1,2,61,4,2,1,4,2.34782608695652,.56195513766444
203089,2,48,3,U,1,1, ,1,1,2,2,2,2,2, ,2, ,1,2,2,63,8,2,1,8,2.1304347826087,.509922254547362
203108,2,40,3,R,1,1, ,1,1,2,2,2,2,2, ,2, ,3,2,2,23,6,2,1,1,4.26086956521739,1.01984450909472
203123,2,27,2,S,1,1, ,1,1,2,2,2,2,2, ,2, ,1,1,1,45,6,2,1,8,3,.718053787015673
203127,2,29,2,S,1,1, ,1,1,1,2,2,2,2, ,2, ,2,1,2,25,5,2,2,5,10,2.39351262338558
203134,2,19,2,R,1,2, ,2,2,2,2,2,2,2, ,2, ,2,2,1,66,8,2,1,4,1,.239351262338558
203143,2,48,3,S,2,2, ,8,2, , , , ,2, ,2, ,3,2,2,85,1,2,1,1,1.65217391304348,.395449911689791
203184,2,4,4,U,1,2, ,2,2,2,2,2,2,2, ,2, ,1,2,1,28,3,2,4,2,5.56521739130435,1.33204180779719
203185,2,48,3,U,1,1, ,1,1,1,2,1,1,2, ,1,6,1,1,2,29,4,2,4,6,8.52173913043478,2.03968901818945
203189,2,4,4,U,1,1, ,1,1,1,1,1,1,1,5,1,3,2,2,2,21,6,2,1,3,4.78260869565217,1.14472342857571
203195,2,6,4,U,1,1, ,2,2,1,1,2,1,1,2,1,1,1,2,1,20,3,2,1,7,9.34782608695652,2.23741397403434
203198,2,6,4,R,1,1, ,1,1,1,1,1,1,2, ,1,4,1,1,2,54,8,2,1,9,4,.95740504935423
203209,2,34,1,S,1,1, ,2,2,1,1,2,1,2, ,2, ,1,2,1,21,3,2,1,6,6.95652173913044,1.66505225974649
203220,2,45,3,S,2,2, ,2,2, , , , ,2, ,2, ,3,2,2,58,5,2,1,2,3.04347826086957,.728460363639088
203248,2,26,2,S,1,1, ,1,1,1,1,1,1,2, ,2, ,1,2,1,53,6,2,1,9,3.1304347826087,.749273516885919
203250,2,18,2,S,1,1, ,1,1,2,1,2,2,2, ,2, ,3,2,2,64,8,2,1,5,2,.478702524677115
203261,2,34,1,S,1,1, ,1,1,2,2,2,2,2, ,2, ,1,2,2,57,4,2,1,6,2.82608695652174,.676427480522011
203267,2,42,1,R,2,2, ,2,2, , , , ,2, ,2, ,1,2,1,29,3,2,1,5,3.43478260869565,.822119553249828
203268,2,36,1,U,2,2, ,2,2, , , , ,2, ,2, ,3,2,1,66,2,1,1,2,6.65217391304348,1.59220622338258
203272,2,39,2,S,1,2, ,2,2,2,2,2,2,2, ,2, ,3,1,2,47,5,2,1,7,6.34782608695652,1.51936018701867
203285,2,36,1,R,1,1, ,1,1,1,2,2,2,1,5,1,3,3,2,2,18,4,1,6,3,10.3913043478261,2.48717181299632
203288,2,37,3,U,1,1, ,1,1,1,1,2,2,2, ,2, ,3,2,2,50,4,2,1,99,7.08695652173913,1.69627198961673
203297,2,47,3,R,1,1, ,1,1,2,2,2,2,2, ,2, ,3,2,2,59,5,2,1,8,2.26086956521739,.541141984417608
203298,2,33,1,U,1,2, ,1,1,1,2,2,2,2, ,2, ,1,2,2,63,3,2,1,6,3.82608695652174,.915778742860568
203299,2,36,1,S,1,1, ,1,1,1,1,1,1,2, ,2, ,1,2,1,49,3,2,1,6,7.65217391304348,1.83155748572114
203301,2,25,1,S,2,2, ,1,1, , , , ,2, ,2, ,1,1,1,31,3,2,1,99,5,1.19675631169279
203303,2,42,1,S,1,1, ,1,1,2,2,2,2,2, ,2, ,3,1,2,99,8,2,1,7,1.82608695652174,.437076218183453
203310,2,47,3,S,1,1, ,1,1,2,2,2,2,2, ,2, ,1,2,1,60,4,2,1,6,2.65217391304348,.634801174028348
203311,2,13,3,S,2,1, ,8,2,1,1,1,1,2, ,2, ,2,1,2,29,4,2,2,1,8,1.91481009870846
203313,2,37,3,S,1,1, ,1,1,2,2,2,1,2, ,2, ,1,2,2,31,6,2,1,4,5.69565217391304,1.36326153766744
203315,2,25,1,S,1,1, ,1,1,1,1,2,1,2, ,1,2,1,2,1,30,5,2,1,9,8.21739130434783,1.96684298182554
203319,2,13,3,U,1,1, ,1,1,1,2,2,2,2, ,2, ,1,1,1,34,8,2,1,8,3.60869565217391,.86374585974349
203327,2,34,1,S,1,1, ,1,1,2,2,2,1,2, ,2, ,2,2,2,54,8,2,1,6,4.91304347826087,1.17594315844596
203330,2,42,1,S,1,1, ,1,1,1,1,1,1,2, ,2, ,3,1,2,30,4,2,1,4,6.60869565217391,1.58179964675916
203331,2,51,3,U,1,1, ,1,1,1,1,1,1,2, ,1,5,1,1,1,38,8,2,1,9,3.52173913043478,.842932706496659
203349,2,23,1,U,1,1, ,1,1,1,1,1,1,2, ,2, ,2,1,2,35,8,2,1,5,6.39130434782609,1.52976676364209
203350,2,18,2,R,1,2, ,1,1,2,2,1,2,2, ,2, ,3,1,2,43,3,2,1,99,10.3913043478261,2.48717181299632
203352,2,50,1,R,1,1, ,1,1,1,2,1,1,2, ,1,1,3,1,2,33,4,2,1,2,8.08695652173913,1.93562325195529
203360,2,36,1,S,1,1, ,1,1,1,1,1,1,2, ,2, ,1,1,1,39,6,2,1,9,2.69565217391304,.645207750651764
203369,2,42,1,S,1,1, ,1,1,1,2,2,2,2, ,2, ,1,2,2,61,8,2,1,5,1.1304347826087,.270570992208804
203371,2,12,3,S,1,2, ,2,2,1,2,2,1,2, ,2, ,1,2,1,25,4,2,1,5,7.04347826086957,1.68586541299332
203372,2,21,3,U,1,2, ,2,2,1,2,2,2,2, ,2, ,1,2,1,42,4,2,2,6,8.34782608695652,1.99806271169579
203373,2,36,1,R,1,1, ,2,2,2,2,2,2,2, ,2, ,3,2,1,66,8,2,1,7,1.04347826086957,.249757838961973
203379,2,12,3,U,1,1, ,1,1,2,2,2,2,2, ,2, ,1,2,2,37,8,1,1,6,3.26086956521739,.780493246756166
203380,2,36,1,S,1,2, ,2,2,2,2,2,2,2, ,2, ,1,1,1,38,4,2,1,6,6.91304347826087,1.65464568312307
203383,2,24,3,S,1,1, ,1,1,2,2,2,2,2, ,2, ,3,2,1,65,8,2,1,6,1.65217391304348,.395449911689791
203393,2,39,2,S,1,1, ,1,1,1,1,2,2,2, ,2, ,2,2,2,65,4,2,1,99,1.04347826086957,.249757838961973
203397,2,42,1,S,1,1, ,1,1,1,2,2,2,2, ,1,6,3,2,2,67,6,2,1,6,1,.239351262338558
203399,2,51,3,S,1,1, ,1,1,1,1,2,2,2, ,2, ,2,1,2,36,6,2,1,7,4.95652173913043,1.18634973506937
203402,2,45,3,S,1,1, ,1,1,2,1,2,1,2, ,2, ,1,2,1,25,6,2,1,8,3.60869565217391,.86374585974349
203403,2,39,2,U,1,2, ,2,2,1,1,1,2,2, ,2, ,3,1,2,24,4,2,2,1,9.65217391304348,2.31026001039825
203409,2,36,1,U,1,1, ,1,1,1,1,1,2,2, ,2, ,1,1,2,39,8,1,4,6,10.304347826087,2.46635865974949
203418,2,36,1,S,1,1, ,2,2,1,2,2,2,2, ,2, ,1,2,1,57,3,2,1,8,8.21739130434783,1.96684298182554
203423,2,25,1,S,1,1, ,1,1,2,1,2,2,2, ,2, ,1,1,1,46,8,2,1,8,3.43478260869565,.822119553249828
203425,2,21,3,S,1,1, ,1,1,1,2,2,2,2, ,2, ,1,1,1,30,6,2,2,6,3.04347826086957,.728460363639088
203436,2,12,3,U,1,1, ,2,2,1,1,2,2,2, ,2, ,3,2,2,82,8,2,1,6,1,.239351262338558
203455,2,9,1,S,1,1, ,1,1,1,1,2,2,2, ,2, ,2,1,2,27,3,2,1,2,10.3913043478261,2.48717181299632
203464,2,37,3,U,1,1, ,1,1,1,1,1,1,2, ,2, ,3,1,2,36,3,2,1,4,10.3913043478261,2.48717181299632
203468,2,51,3,S,1,1, ,1,1,2,1,2,1,2, ,2, ,2,1,1,39,3,2,1,2,10.3913043478261,2.48717181299632
203469,2,24,3,S,1,1, ,1,1,2,2,2,2,2, ,2, ,1,2,1,26,6,2,1,4,3.04347826086957,.728460363639088
203470,2,34,1,U,1,1, ,1,1,1,1,2,2,2, ,1,3,1,1,1,29,3,2,2,3,5.43478260869565,1.30082207792694
203471,2,12,3,U,1,1, ,1,1,2,2,2,2,2, ,2, ,1,2,1,46,6,2,1,7,3.69565217391304,.884559012990321
203472,2,37,3,U,2,2, ,2,2, , , , ,2, ,2, ,3,2,2,78,2,2,2,1,1.69565217391304,.405856488313206
203476,2,23,1,S,1,1, ,1,1,1,2,2,2,2, ,2, ,3,2,2,54,6,2,1,5,4.91304347826087,1.17594315844596
203480,2,36,1,S,1,1, ,1,1,2,2,2,2,2, ,8, ,1,2,1,55,6,2,1,9,2.1304347826087,.509922254547362
203502,2,12,3,S,1,1, ,1,1,1,2,2,2,2, ,2, ,3,2,2,62,6,2,1,2,2.65217391304348,.634801174028348
203523,2,12,3,S,1,2, ,2,2,2,2,2,2,2, ,2, ,1,2,1,59,5,2,1,9,1.65217391304348,.395449911689791
203528,2,26,2,S,1,2, ,2,2,2,1,2,1,2, ,2, ,1,2,1,54,5,2,1,6,3.56521739130435,.853339283120075
203540,2,48,3,S,1,1, ,1,1,1,1,1,1,2, ,1,6,1,2,1,25,3,1,6,7,10.3913043478261,2.48717181299632
203561,2,39,2,S,1,1, ,1,1,1,1,2,1,2, ,2, ,1,1,1,51,3,2,1,8,6.17391304347826,1.47773388052501
203566,2,9,1,U,1,1, ,1,1,1,1,1,1,2, ,2, ,1,2,2,52,3,2,1,9,9.43478260869565,2.25822712728117
203612,2,6,4,U,1,1, ,1,1,1,1,2,1,2, ,2, ,3,2,2,23,6,2,3,4,5.21739130434783,1.24878919480987
203620,2,55,2,S,1,1, ,1,1,1,2,2,2,2, ,2, ,1,2,1,56,8,2,1,9,1.8695652173913,.447482794806869
203645,2,29,2,R,1,2, ,2,2,1,1,2,2,1,6,2, ,3,2,1,26,3,2,1,99,5.52173913043478,1.32163523117377
203657,2,6,4,S,1,1, ,1,1,2,2,2,2,2, ,2, ,3,2,2,61,4,2,1,6,2.30434782608696,.551548561041024
203659,2,48,3,U,1,1, ,1,1,2,2,2,2,2, ,2, ,1,2,2,60,6,1,1,8,1.47826086956522,.353823605196129
203664,2,6,4,S,1,1, ,1,1,1,2,2,2,2, ,1,3,2,1,1,38,5,2,1,7,8.30434782608696,1.98765613507237
203681,2,5,3,R,1,1, ,1,1,1,2,2,1,2, ,2, ,1,1,1,29,8,2,1,6,3.95652173913043,.946998472730815
203707,2,34,1,S,1,1, ,1,1,1,2,2,2,2, ,2, ,2,2,1,50,5,2,2,4,7.91304347826087,1.89399694546163
203708,2,21,3,S,1,1, ,1,1,1,1,1,1,2, ,1,2,2,2,2,22,5,2,1,2,7.86956521739131,1.88359036883821
203709,2,25,1,R,1,1, ,1,1,1,1,2,1,2, ,2, ,1,2,2,61,8,2,1,8,1.8695652173913,.447482794806869
203711,2,42,1,U,1,1, ,2,2,2,2,2,2,2, ,2, ,2,1,2,34,3,2,2,1,10.3913043478261,2.48717181299632
203732,2,12,3,U,1,1, ,1,1,2,1,2,2,2, ,2, ,1,1,2,59,8,2,1,9,1.78260869565217,.426669641560037
203741,2,36,1,S,1,1, ,1,1,2,2,2,2,2, ,2, ,3,2,1,67,8,2,1,7,1.73913043478261,.416263064936622
203753,2,36,1,S,1,1, ,1,1,8,1,2,2,2, ,2, ,1,2,2,59,6,1,4,6,3.08695652173913,.738866940262504
203771,2,12,3,U,1,1, ,1,1,1,1,2,1,2, ,2, ,3,2,1,56,4,2,1,99,5.30434782608696,1.2696023480567
203779,2,12,3,S,1,1, ,1,1,2,1,2,1,2, ,2, ,1,1,2,32,5,2,1,2,6.43478260869565,1.5401733402655
203784,2,24,3,S,1,1, ,1,1,1,2,2,2,2, ,2, ,1,2,2,32,8,2,2,9,5.86956521739131,1.4048878441611
203786,2,26,2,U,1,1, ,1,1,1,1,2,1,2, ,2, ,1,2,1,27,4,2,1,3,8.52173913043478,2.03968901818945
203788,2,39,2,S,1,1, ,1,1,1,1,1,1,1,1,1,5,3,2,1,22,3,1,1,3,7.17391304347826,1.71708514286357
203795,2,42,1,U,1,1, ,1,1,1,2,2,2,2, ,1,4,3,1,1,25,7,2,1,2,4.82608695652174,1.15513000519913
203817,2,29,2,R,1,2, ,2,2,2,2,2,2,2, ,2, ,2,2,1,60,3,2,1,99,3.60869565217391,.86374585974349
203824,2,28,3,R,1,2, ,2,2,2,2,2,2,2, ,2, ,3,2,1,65,5,2,5,2,2.56521739130435,.613988020781517
203837,2,20,2,S,2,2, ,1,1, , , , ,2, ,2, ,1,2,2,63,3,2,1,3,2.34782608695652,.56195513766444
203841,2,55,2,S,1,1, ,1,1,2,2,2,2,2, ,2, ,1,2,1,23,6,2,1,8,3.73913043478261,.894965589613737
203845,2,48,3,S,1,1, ,1,1,1,1,2,2,2, ,2, ,1,1,1,34,4,2,1,8,5.78260869565217,1.38407469091427
203850,2,48,3,U,1,1, ,1,1,1,1,2,2,2, ,1,5,1,2,2,40,6,2,2,2,2,.478702524677115
203862,2,12,3,S,1,2, ,2,2,2,1,2,2,2, ,2, ,3,2,2,69,5,2,1,3,3.60869565217391,.86374585974349
203865,2,55,2,S,1,1, ,1,1,2,2,2,2,1,6,2, ,1,2,1,60,4,2,2,6,3.08695652173913,.738866940262504
203872,2,39,2,S,1,1, ,2,2,2,9,2,2,2, ,2, ,9,2,1,99,3,2,1,99,4.43478260869565,1.06147081558839
203877,2,55,2,U,1,1, ,1,1,1,2,1,2,2, ,1,2,3,2,1,18,3,2,2,4,4.21739130434783,1.00943793247131
203888,2,20,2,S,1,1, ,1,1,1,2,2,2,2, ,2, ,1,2,2,51,8,2,1,7,1.39130434782609,.333010451949298
203890,2,1,3,U,2,2, ,2,2, , , , ,2, ,2, ,3,2,1,58,3,2,2,3,5.91304347826087,1.41529442078451
203892,2,55,2,S,1,1, ,1,1,2,1,2,1,2, ,2, ,1,1,1,55,4,2,1,3,2.47826086956522,.593174867534686
203898,2,48,3,U,1,1, ,1,1,1,1,1,1,2, ,1,6,1,2,1,25,3,2,1,6,9.73913043478261,2.33107316364508
203903,2,5,3,S,1,2, ,2,2,2,2,2,2,2, ,2, ,3,2,2,73,3,2,1,3,3.56521739130435,.853339283120075
203905,2,31,2,U,2,2, ,1,1, , , , ,1,5,2, ,3,2,2,47,2,2,5,1,4.39130434782609,1.05106423896497
